"Date","SBER.ME","SBERP.ME","GAZP.ME","LKOH.ME","MGNT.ME","NVTK.ME","SNGS.ME","SNGSP.ME","GMKN.ME","ROSN.ME","VTBR.ME","TATN.ME","TATNP.ME","MTSS.ME","ALRS.ME","MOEX.ME","IRAO.ME","POLY.ME","CHMF.ME","NLMK.ME","YNDX.ME","AFLT.ME","TRNFP.ME","PHOR.ME","HYDR.ME","RTKM.ME","MFON.ME","RUAL.ME","MAGN.ME","FEES.ME","AFKS.ME","PIKK.ME","EPLN.ME","UPRO.ME","MVID.ME","MTLR.ME","PLZL.ME","TRMK.ME","CBOM.ME","URKA.ME","DSKY.ME","BANEP.ME","NMTP.ME","AKRN.ME","UWGN.ME","AGRO.ME","RSTI.ME","LSRG.ME","MSNG.ME","DIXY.ME"
2016-06-24,133.399994,91.010002,139.77,2725,8280,630.299988,33.695,39.200001,8380,333.649994,0.06878,325.649994,174.699997,238.149994,72.150002,114.099998,2.58,824,679,81.059998,1379.5,83.419998,163200,2779,0.6008,93.099998,676.5,20.700001,23.799999,0.14315,20.055,250,618,2.698,307.100006,54.200001,4662,45.599998,3.925,180,NA,1865,4.11,3420,718.565979,931,0.59922,809.5,1.508,294.299988
2016-06-27,126.199997,87,141.03,2631,8320,628.400024,32.900002,38.755001,8285,328.049988,0.067,316,172.800003,234.5,70,112,2.399,834,656.799988,79,1291,83,163600,2769,0.5929,92.639999,662,19.34,23.004999,0.151,19.82,250,619,2.712,313.799988,52.75,4689,45.049999,3.95,177.850006,NA,1841.5,4.145,3400,716.08197,973,0.60221,826,1.594,289.899994
2016-06-28,129.570007,88.459999,139.2,2628,8300,627.799988,32.895,38.744999,8480,327,0.06763,322.350006,175.199997,240.800003,69.900002,112.989998,2.2755,847.5,682.400024,82.650002,1336,81.199997,165200,2788,0.5936,91.830002,665.5,19.389999,23.055,0.153,19.639999,250,619,2.739,320,58.299999,4692,45.299999,3.955,179.649994,NA,1865,4.275,3400,721.051025,968,0.60671,824,1.6405,293.700012
2016-06-29,133.880005,90.349998,139.61,2668,8700,641.900024,33.240002,38.400002,8485,331.5,0.0687,328.649994,176.899994,243.5,69.5,113.75,2.45,858.5,697.5,83.410004,1372.5,83.410004,169400,2785,0.6,91.879997,667,20.02,24.025,0.153,20.540001,250,621,2.731,326.799988,57.09,4698,45,3.985,178.449997,NA,1900,4.24,3475,725.52301,956,0.6092,830,1.622,297.100006
2016-06-30,133,90,140.07,2684,9012,647.599976,33.205002,38.400002,8540,330,0.068,331.5,176.5,243.050003,69.290001,112.519997,2.524,883.5,700.700012,83,1399,85.5,166500,2757,0.616,92.199997,670.5,20.23,24,0.1565,20.450001,250,620,2.748,301.700012,56.709999,4696,44.849998,3.98,174.800003,NA,1901.5,4.155,3495,726.02002,935,0.61919,823,1.615,298.799988
2016-07-01,133.850006,90.800003,139.85,2707,9101,644.200012,32.959999,38.605,8496,332.450012,0.06735,331.5,178.399994,245.050003,68.5,112.440002,2.47,888,699.099976,83.699997,1403,86.010002,166500,2742,0.6307,91.5,688.5,20.16,24.225,0.15815,21.35,249.300003,618,2.596,299.299988,56.5,4681,44.900002,3.995,177,NA,1900,4.205,3430,728.007996,950,0.6147,823.5,1.5705,300.5
2016-07-04,134.600006,90.730003,140.6,2745,9145,641.5,33.044998,39.005001,8861,331.200012,0.06739,327.299988,178.300003,235.449997,69.5,112.900002,2.44,919.5,684.099976,84.110001,1390,85.169998,165400,2718,0.624,91.949997,700,21.200001,24.43,0.16821,21.290001,249.800003,620,2.604,299.799988,56.720001,4681,47.5,4.005,178.5,NA,1906,4.135,3465,729.995972,951,0.61689,843,1.62,303.399994
2016-07-05,131.850006,89,141.71,2769.5,8950,634.099976,32.900002,39.540001,8809,329.399994,0.06701,322,176.399994,235.149994,69.599998,110.779999,2.551,912.5,691.799988,82.120003,1383,86.480003,163300,2649,0.6218,91.900002,705,20.99,23.700001,0.167,21.610001,250,621,2.605,296.700012,56.25,4697,47.049999,3.975,178.899994,NA,1899,4.29,3455,726.517029,948,0.65474,859,1.678,300.700012
2016-07-06,129.360001,88.260002,140.8,2732,8760,632,32.139999,39.849998,8772,320.5,0.06723,321.149994,177.199997,235.199997,68.709999,111,2.54,949,701,84.139999,1372,86.449997,162600,2580,0.6185,92.010002,708,20.790001,24.780001,0.1643,21.225,248.899994,622,2.596,293.5,55.130001,4690,47.200001,3.96,181,NA,1899,4.2,3450,724.530029,955,0.71097,828.5,1.68,299.100006
2016-07-07,131.800003,90.160004,140.33,2748,8753,640,31.950001,39.490002,8720,320.899994,0.06805,314.350006,170.699997,231.5,67.629997,113.059998,2.539,920,676.099976,81.150002,1390,87.440002,160100,2626,0.598,88.489998,702,20.82,24.700001,0.16339,21.27,249.5,621,2.65,288,55.560001,4682,46.650002,3.985,180.5,NA,1910,4.245,3430,728.007996,954,0.6911,851,1.6815,301
2016-07-08,134.410004,91.510002,139.6,2788,9261,638.5,32,39.950001,8672,325,0.06819,311.799988,169.800003,232,67.550003,115.220001,2.5605,902.5,658.200012,84.519997,1413,89,155300,2593,0.5922,87.800003,660,20.620001,24.85,0.15548,20.985001,243.699997,622,2.643,286.700012,55.080002,4680,46.849998,4.01,182,NA,1910,4.28,3460,728.505005,944,0.6906,840.5,1.681,299.700012
2016-07-11,137.199997,92.699997,140.7,2752,9348,643.200012,32.32,40.5,8855,328.350006,0.06889,317.899994,169.899994,238.199997,67.860001,119.190002,2.567,937,669.099976,84.25,1407,87.730003,157600,2578,0.6092,87.349998,674,21.33,25.16,0.15,21.450001,250,623,2.641,289.899994,56.18,4684,46.599998,3.995,179.300003,NA,2009,4.31,3425,731.984009,942,0.71307,842.5,1.659,301.200012
2016-07-12,140.399994,94.809998,141.6,2777,9404,659.799988,32.389999,40.880001,9025,339.399994,0.06905,326.350006,170.199997,238.050003,69.18,119.980003,2.587,930,693.799988,86.800003,1473,89.790001,161500,2535,0.6133,87.230003,668,21.4,25.700001,0.14307,21.764999,251,623,2.651,301,56.200001,4665,46.650002,4.035,180.5,NA,1989,4.28,3350,734.965027,948,0.70068,841,1.625,304.700012
2016-07-13,139.399994,96.440002,142.02,2741,9460,660.5,32.345001,40.990002,9300,336.5,0.0675,316.049988,166,235.850006,71.199997,119.699997,2.633,946.5,694.299988,87.839996,1403,90.459999,161700,2520,0.618,86.690002,673,21.65,26.6,0.14177,21.405001,250,623,2.662,303,56.599998,4644,46.049999,4.015,181,NA,2029.5,4.23,3445,736.455994,936,0.69899,860.5,1.617,304.899994
2016-07-14,140,96.989998,143.53,2770,9508,650.200012,32.959999,41.400002,9297,336.5,0.06849,318,167.300003,232.5,70.989998,119.610001,2.7255,941.5,711.200012,88.580002,1391,87.779999,165000,2517,0.62,86,667.5,21.360001,27.379999,0.14872,21.5,250,625,2.655,295,56.099998,4610,46.25,3.99,182.5,NA,1854,4.24,3375,738.940979,898,0.69409,876.5,1.5825,312.5
2016-07-15,138.119995,96,143.95,2792.5,9461,651.599976,32.950001,36,9290,335,0.06832,325.600006,168.399994,235.199997,70.5,120,2.635,933,730,90.389999,1375,87.18,162300,2589,0.6375,86.400002,672,21.4,27.945,0.14549,21.32,247.699997,625,2.673,298.299988,56.560001,4593,47.299999,3.97,180.649994,NA,1856.5,4.25,3445,737.450012,889,0.6917,887,1.629,320.299988
2016-07-18,139.929993,96.5,147.4,2799,9250,648.200012,32.66,34.200001,9308,333.700012,0.06875,326.350006,167,236.899994,69,119.199997,2.603,919.5,730.299988,89.75,1354,86.900002,161400,2648,0.64,86.849998,672,21.690001,28.290001,0.147,21.48,247,624,2.727,303.399994,56.400002,4564,46.299999,3.955,181.300003,NA,1856,4.24,3460,737.450012,898,0.70718,879,1.629,320.5
2016-07-19,139.470001,96.510002,139.17,2828,9104,645.099976,31.700001,32.299999,9310,329.5,0.0676,323,164.800003,235.350006,70.830002,119,2.6075,915.5,738.799988,92.970001,1345.5,87.580002,158300,2648,0.6499,86.099998,670.5,22.540001,28.254999,0.1466,21.385,247.5,624,2.774,316.5,57.009998,4548,46,3.92,180.050003,NA,1828.5,4.21,3465,737.450012,890,0.69909,912.5,1.606,317.100006
2016-07-20,138.570007,97.370003,139.48,2840.5,9225,646.900024,31.610001,33.02,9297,329.049988,0.0669,317.299988,164.399994,239.5,70,114.730003,2.6425,878,745,93.699997,1360,86.860001,156600,2642,0.654,87.199997,683,23.059999,28.4,0.14705,21.75,249.5,631,2.752,314.899994,57.860001,4520,46.099998,3.92,180.600006,NA,1828.5,4.27,3445,738.940979,877,0.69229,902.5,1.608,317.700012
2016-07-21,138.5,97.099998,140.03,2858,9400,653.5,31.959999,33.474998,9390,334.299988,0.06759,320.700012,160.899994,244.300003,70,115.389999,2.673,882,741,91.879997,1376,85.199997,156800,2632,0.6566,86.5,688,23.48,28.190001,0.14931,21.84,249.5,628,2.769,314.899994,58.549999,4539,46.650002,3.95,179.899994,NA,1842,4.3,3430,740.927979,918,0.70108,898,1.61,321
2016-07-22,137.800003,96.400002,139.88,2855,9365,645.900024,32.224998,33.5,9400,334.299988,0.06711,319,159.5,243.899994,70.010002,115.949997,2.633,886,747.5,90.339996,1387.5,86.879997,156900,2649,0.6633,85.870003,689.5,23.190001,28.700001,0.154,21.945,249.5,627,2.801,314.899994,58.32,4564,47,3.97,181.199997,NA,1865,4.305,3400,741.921997,921,0.74163,908,1.5925,326.5
2016-07-25,136,95.199997,140.6,2829,10100,642.799988,31.98,33.959999,9306,334,0.06794,323,162.600006,245.199997,70.290001,117.349998,2.672,888.5,751,89.959999,1379.5,86.599998,158000,2653,0.6635,86.099998,692,23.950001,29.254999,0.1611,21.844999,249.699997,629,2.812,312.899994,58.060001,4564,47.150002,3.985,180,NA,1855,4.29,3295,742.419006,954,0.8439,905.5,1.611,325
2016-07-26,135.75,95.099998,140.9,2821,10475,655,31.610001,34.200001,9339,330,0.06771,317.700012,164.699997,248.800003,70.480003,114.5,2.64,919,761,93.529999,1404,86.099998,158000,2700,0.6935,85.919998,698.5,23.450001,29.045,0.1585,22.485001,250.5,632,2.855,315.899994,57.91,4680,47.950001,3.975,186.399994,NA,1845,4.295,3320,739.437988,935,0.86457,905,1.65,325
2016-07-27,136.899994,94.989998,140.41,2836.5,10020,655.400024,31.855,33.91,9445,329.899994,0.0685,319.799988,165.899994,249.350006,70.699997,114,2.597,907,764,90.800003,1419,85.400002,162900,2690,0.708,86.290001,692,23.35,28.695,0.156,22.5,250,634,2.852,321.899994,58.310001,4688,47.299999,3.975,186.399994,NA,1877.5,4.3,3360,739.934998,942,0.85139,905,1.647,326.100006
2016-07-28,136.850006,95.900002,139.15,2887,10292,653.200012,31.74,33.310001,9535,334,0.06818,320.950012,166.300003,251.800003,71.599998,114.949997,2.618,984.5,770,92.230003,1485.5,86.080002,164800,2700,0.7238,86.029999,684,23.4,29.35,0.1585,23.450001,250,631,2.86,329,58.490002,4684,47.099998,4.01,186.600006,NA,1875,4.35,3385,745.401001,944,0.82792,900.5,1.695,323.399994
2016-07-29,139.149994,98.800003,139.52,2867,10210,648.099976,31.205,32.599998,9444,325.5,0.06741,317.450012,169,252,71.25,113.510002,2.614,971.5,793.200012,95.290001,1442,85.699997,166500,2715,0.7074,85.5,670,23.1,29.495001,0.16099,23.055,250,633,2.94,321.5,57.509998,4660,48.450001,3.98,186.100006,NA,1880,4.35,3420,745.89801,957,0.87326,905,1.7005,324.5
2016-08-01,138.520004,98.410004,137.71,2886,10381,654.799988,30.74,32,9637,325.600006,0.06692,320.899994,171.300003,250.949997,70.940002,112.699997,2.6265,971,774.5,93.690002,1439,86.25,167000,2722,0.6975,86,660,22.85,30.76,0.163,23.35,250,632,2.995,319.299988,55.700001,4669,46.799999,3.985,185,NA,1911,4.37,3460,748.879028,955,0.87246,900,1.709,325.5
2016-08-02,135.059998,96.580002,137,2781,10347,641,30.235001,31.195,9581,317.350006,0.06719,314.450012,171.5,248,70.889999,111.269997,2.5825,981.5,769.299988,93.809998,1416,86,162200,2714,0.692,85.599998,660,22.26,29.865,0.15935,23.16,250,633,2.969,316.399994,55.849998,4660,45.25,3.94,183,NA,1889,4.325,3470,745.89801,955,0.8379,886.5,1.658,321.299988
2016-08-03,135.729996,97,134.44,2797,10368,645,30.295,31.6,9660,323.25,0.06716,314.049988,168.699997,246,71.989998,111.629997,2.5945,991.5,785.900024,93.25,1409,86.5,160300,2725,0.6891,84.75,664,22.6,30.65,0.15868,23.4,250,631,2.855,315.5,55.009998,4632,45.400002,3.93,185.149994,NA,1864.5,4.3,3625,746.39502,946,0.86447,889.5,1.6605,325.5
2016-08-04,137.139999,97.230003,134.89,2839.5,10450,652.400024,30.6,32.099998,9734,329,0.0684,328,169.699997,248.600006,72.980003,115.190002,2.56,977,796.200012,93.650002,1417,86.550003,NA,2727,0.6941,86.199997,670,23.280001,30.254999,0.15762,23.299999,250,634,2.86,321.899994,54.82,4658,45.099998,3.94,184.100006,NA,1920,4.32,3645,745.401001,958,0.85738,900,1.663,324.899994
2016-08-05,138.690002,97.510002,136.55,2815,10690,647.299988,30.639999,32.220001,9778,329.899994,0.06762,328.5,171.899994,247.199997,73.5,114.870003,2.5225,973.5,795,93.019997,1429,87,163300,2721,0.6801,86.099998,678,22.91,30.59,0.15396,23.299999,250.100006,632,2.861,320.399994,54.529999,4650,44.200001,3.935,184.850006,NA,1923,4.285,3600,755.340027,949,0.86816,887.5,1.6555,325
2016-08-08,139.449997,98.449997,136.01,2842.5,10927,648.099976,30.594999,32.27,9830,329,0.06805,330,172.600006,250.899994,74.199997,117.940002,2.521,962,796.900024,93.379997,1420,86,161800,2721,0.6808,87,680.5,23.139999,30.370001,0.1475,23.26,253.100006,633,2.873,318.899994,53.790001,4656,44.700001,3.95,184.25,NA,1940,4.305,3545,760.80603,952,0.86886,893,1.627,325
2016-08-09,139.199997,99,137.12,2806,10846,652.099976,30.969999,32.490002,9850,329.899994,0.06765,326.75,171.800003,252.399994,74.190002,117.519997,2.612,962,816,94.260002,1447,86,162400,2670,0.6887,87.5,678,23.219999,31.24,0.153,23.309999,250.100006,632,2.934,319.200012,53.900002,4638,44.349998,3.95,186.75,NA,1945,4.305,3555,761.799988,945,0.86657,892,1.6845,328
2016-08-10,138.300003,98,137.36,2738,10751,642.400024,30.4,32.700001,9927,326.600006,0.0677,325.299988,171.699997,250,73.989998,119,2.58,972,793.299988,91.760002,1447,85.449997,162000,2661,0.685,86,677,22.950001,30.9,0.152,22.99,250.600006,633,2.935,325,54.580002,4644,44.150002,3.915,186.100006,NA,1970,4.305,3515,758.320984,945,0.86886,894.5,1.6685,329.899994
2016-08-11,139.699997,99.389999,137.1,2785,10673,643.5,30.6,33.445,9989,325.049988,0.06777,326.5,171.5,250.5,73.199997,119.480003,2.6,987,793.5,92,1485,85.5,160100,2644,0.6855,86.68,674.5,22.99,31.389999,0.15495,23.254999,250.600006,632,2.93,333,54.43,4645,44.049999,3.925,187.75,NA,1999.5,4.3,3500,759.315002,951,0.92479,905.5,1.689,335
2016-08-12,139.449997,98.800003,137.4,2870,10800,650.400024,30.65,33.619999,9860,330.850006,0.068,332,174.100006,251.800003,73.400002,123,2.6,986,788,91.970001,1506,85.790001,161000,2663,0.7026,86.25,685,22.91,31.9,0.15454,23.275,251.199997,634,2.919,345,54.099998,4635,44.200001,3.88,187.850006,NA,2002,5.13,3510,760.80603,943,0.90512,904,1.68,340
2016-08-15,139.5,99.129997,138.03,2922.5,10835,658.400024,30.51,33.25,9967,339,0.0674,332.600006,175,249.850006,73.730003,124.989998,2.6055,981.5,793,91.809998,1498,85.25,161800,2656,0.7095,85.849998,683,23.299999,33.334999,0.15377,23.01,258.799988,635,2.895,344.5,54.080002,4621,44.299999,3.92,188.850006,NA,2005,5.005,3485,760.309021,945,0.9191,898,1.666,340.600006
2016-08-16,138.100006,99.309998,138,2932.5,10532,668,30.51,32.884998,9975,343.5,0.0666,337.850006,175,251.899994,74,129.440002,2.6225,988,799,91.730003,1491,83.599998,162700,2636,0.719,85.949997,678,23.25,32.290001,0.151,23.27,258.700012,634,2.856,345.799988,54.349998,4609,45.5,3.9,188.050003,NA,1965.5,5.085,3600,760.309021,952,0.89683,888,1.6605,338.299988
2016-08-17,138.440002,98.949997,137.8,2932,10400,672.700012,30.620001,33.145,9770,345.549988,0.067,334.600006,172.699997,247.550003,76,126.610001,2.6125,985,777,91.699997,1456,82.370003,162900,2621,0.69,85.199997,678,23.07,32.285,0.15049,23.184999,259.399994,633,2.829,349,56.099998,4568,44.25,3.91,187.600006,NA,1920.5,4.955,3510,759.315002,940,0.90991,880.5,1.643,339.899994
2016-08-18,137,98.849998,137.5,2956.5,10380,679.900024,30.530001,32.959999,9601,351.850006,0.067,335,174.899994,240,75.389999,126.599998,2.614,1000.5,809,92.910004,1451,83.389999,161300,2579,0.687,84.190002,674,23.200001,33.200001,0.15063,23,256.899994,635,2.885,349,58.82,4592,50,3.965,188.199997,NA,1910,4.88,3530,759.315002,941,0.89882,886.5,1.63,335.299988
2016-08-19,135.800003,98.400002,138.5,2948,10260,680.099976,30.370001,32.950001,9788,349.049988,0.067,325.600006,175.5,236.649994,74.650002,126,2.6215,981.5,802.099976,92.699997,1445.5,83.25,160300,2584,0.684,84.599998,673,23.040001,32.875,0.15451,22.27,256.899994,633,2.88,344.100006,58.84,4575,50.25,4.05,190.149994,NA,1910,4.92,3550,759.315002,941,0.90282,918.5,1.6315,337.399994
2016-08-22,137.369995,99.150002,136.77,2985,10589,688.599976,30.6,33.049999,9890,351.75,0.067,331.950012,174.899994,237.100006,75.449997,125.550003,2.6345,980,813.799988,92.559998,1441,82.949997,160200,2597,0.7015,84.599998,669,24.799999,32.935001,0.15531,22.66,258,633,2.893,356.700012,59.799999,4573,51.349998,4.15,189.949997,NA,1918,5,3610,761.799988,947,0.9147,908,1.6195,340
2016-08-23,140.350006,100.800003,137.32,3014,10643,696,30.375,32.855,9879,351,0.06749,328.200012,174.399994,237.350006,75.480003,124.900002,2.648,985,815,94.139999,1449,85.18,160300,2599,0.7141,83.510002,671.5,24.889999,32.77,0.16178,22.684999,265,635,2.848,349.399994,60.369999,4569,51.349998,4.155,191.75,NA,1906.5,4.89,3635,762.296997,956,0.93827,904,1.628,344
2016-08-24,139.5,100.300003,137.26,3035,10250,697.5,30.26,32.400002,9853,350.200012,0.0672,326.600006,174.600006,235.25,75.269997,127,2.69,986.5,806.299988,93.419998,1453,88.230003,159000,2587,0.723,83.089996,670.5,24.73,33.134998,0.16439,22.9,274,634,2.82,350,61.41,4578,51,4.125,190.300003,NA,1914.5,4.845,3640,761.799988,938,0.93687,896.5,1.641,351.899994
2016-08-25,142.839996,102.800003,136.51,3049,10289,698.799988,29.525,31.16,9760,348.200012,0.0675,325.5,174,237.5,75.400002,127.010002,2.785,964,802,92.949997,1444.5,90.989998,158200,2578,0.7611,82.75,667.5,24.25,31.85,0.16436,23.094999,272,635,2.795,364.799988,61.59,4560,53.450001,4.145,191.149994,NA,1898.5,4.785,3655,759.812012,927,0.94387,904.5,1.647,359
2016-08-26,145.25,104.089996,135.3,3025,10376,708.099976,30.285,31.620001,9597,350.549988,0.0671,327.549988,174.800003,237.199997,73,130.75,2.8895,948.5,791,91.5,1447,94,158200,2571,0.7689,82.300003,666,24.059999,31.360001,0.1681,23,272,634,2.82,348,60.509998,4556,53.900002,4.165,191.399994,NA,1901,4.785,3715,761.799988,910,0.92279,908,1.6405,361.200012
2016-08-29,143.550003,103.599998,135.43,2990.5,10492,695.599976,30.6,32.080002,9640,350.600006,0.06738,326.25,173.699997,236.050003,73.849998,132.339996,2.8305,927.5,783.5,90.360001,1440,94.199997,155200,2570,0.7725,82.25,675,24.17,31.200001,0.17227,23.08,272.600006,634.5,2.821,345,63.619999,4553,53.5,4.145,190.350006,NA,1947,4.915,3720,760.80603,904,0.94417,880,1.644,359.700012
2016-08-30,143.179993,102.449997,136.2,2989.5,10475,695.700012,30.5,32.025002,9628,348,0.0682,325.549988,174.199997,240.75,75.610001,130.630005,2.7835,947,778.299988,91.199997,1437.5,99,153800,2574,0.7646,82.449997,671.5,24.57,31.35,0.17067,23.025,275,634.5,2.8,346.799988,64.550003,4586,53.549999,4.155,189,NA,1961.5,5,3705,760.309021,918,0.92889,879,1.6755,359.5
2016-08-31,143.5,101.970001,135.55,2913,10262,684.900024,31.190001,32.740002,9571,344.700012,0.06849,317.75,175,239.100006,75.300003,127.07,2.85,914,752,90,1428,98.650002,154900,2586,0.7964,82.18,669.5,24.15,30.514999,0.175,22.700001,271.799988,634.5,2.833,346.299988,68.699997,4600,55.799999,4.13,188.699997,NA,1960,5.09,3665,761.302979,908,0.93528,878,1.672,360
2016-09-01,144.25,103.32,135.01,2938,10308,678.200012,31.344999,32.355,9631,341.299988,0.0702,322.850006,177,237,75.699997,126.800003,2.8645,917.5,764.700012,90.099998,1464,100.269997,152800,2585,0.7944,81.949997,667.5,23.549999,30.014999,0.17321,22.165001,272.200012,635,2.82,351.799988,72.300003,4623,54.950001,4.16,192,NA,1938,4.965,3675,761.799988,894,0.93078,896,1.6635,360.299988
2016-09-02,146.880005,104.150002,135.29,3003,10544,691.5,31.120001,32.334999,9717,349.899994,0.07375,321,178.100006,239.5,76.529999,128.449997,2.905,917.5,777,91.57,1463,101.949997,152500,2591,0.792,81.260002,669.5,24.299999,31.075001,0.1722,22.110001,278.799988,635.5,2.81,356.399994,70.900002,4643,55.25,4.205,194,NA,1953,4.9,3675,761.302979,885,0.93128,901.5,1.684,365
2016-09-05,149.5,105.970001,136.01,3053,10734,677.900024,31.059999,32.005001,9710,353.600006,0.0739,326.5,180,238.850006,77.949997,129.289993,2.9825,910.5,781.599976,91.5,1455.5,104.699997,151000,2602,0.797,82,669.5,24.360001,31,0.17951,21.985001,278.200012,636,2.812,360.100006,71.25,4605,54.900002,4.25,203.350006,NA,1950,4.92,3655,761.302979,885,0.92879,899.5,1.7005,362.799988
2016-09-06,150.639999,107.959999,136.86,3085,10615,680.099976,31.219999,31.709999,9926,358,0.07425,327.649994,180.5,239.899994,81.25,130.470001,2.975,918.5,789,92.220001,1441,103.970001,151800,2593,0.808,82.800003,664,24.459999,31.65,0.17959,22.535,279,636,2.816,366.799988,74.150002,4600,53.849998,4.26,200.699997,NA,1950,4.885,3665,761.799988,875,0.94686,896.5,1.7005,365
2016-09-07,154.330002,110.900002,141.8,3084,10670,680.299988,30.995001,31.58,9871,364,0.07545,331.25,180.800003,244.600006,80.370003,129.300003,3.03,923.5,787,91.099998,1418,107.349998,150800,2586,0.8324,82.849998,682,24.23,31.299999,0.18,22.129999,278.600006,637,2.807,369.100006,78.650002,4580,54.900002,4.26,195.100006,NA,1953,4.905,3675,763.291016,874,0.95675,897.5,1.728,364
2016-09-08,153.449997,109.07,143.61,3108,10743,679.200012,31.33,31.219999,9780,364.75,0.07638,329.799988,178.600006,246.350006,80.330002,129.199997,3.1,897,798.900024,91.879997,1409,105.980003,151000,2563,0.8259,82.449997,681.5,24.200001,31.295,0.18115,21.549999,280,637,2.802,370,88.68,4566,54.5,4.29,194,NA,1962.5,4.815,3670,762.296997,874,0.94576,896,1.7355,364
2016-09-09,151.600006,107.660004,140.88,3060.5,10544,677.900024,31.299999,31.690001,9720,362.399994,0.07675,320.799988,177.5,243.850006,82.440002,126.550003,3.1645,872,781.599976,91.769997,1370,103.800003,147800,2585,0.8262,81.599998,673,24,31.545,0.17989,21.200001,281.700012,647,2.795,368.5,87.699997,4576,54.5,4.26,190,NA,1960.5,4.81,3660,761.799988,870,0.93098,895.5,1.745,364.100006
2016-09-12,151.429993,107.510002,137.5,3045.5,10372,669.299988,31.459999,31.495001,9690,367,0.075,319.25,177.199997,240.699997,80.779999,126.669998,3.245,869.5,782.099976,88.699997,1350,106,153000,2553,0.8001,81.699997,655.5,23.700001,31.424999,0.17998,20.889999,280,656,2.818,350.299988,84.18,4624,54.5,4.235,185.149994,NA,1904.5,4.85,3675,761.302979,878,0.92679,891,1.69,355
2016-09-13,149.800003,106.970001,138.76,3037.5,10291,653.900024,31.424999,31.25,9750,363.899994,0.07455,318.399994,178.100006,237.399994,81.139999,122.190002,3.163,838.5,789,88.419998,1326,104.029999,149600,2547,0.7775,81.5,648.5,23.610001,30.41,0.17705,21.17,280.799988,655,2.821,362.200012,80.010002,4630,54.599998,4.195,185.649994,NA,1853,4.53,3720,759.812012,880,0.90881,888,1.6795,345.899994
2016-09-14,150.860001,106.93,138.36,3054,10205,651.400024,31.385,31.004999,9546,367.149994,0.0745,313.700012,177.5,235.550003,84,121.5,3.169,862,768.700012,86.209999,1321.5,103.07,148300,2548,0.756,80.949997,651,22.93,30.309999,0.1726,21.235001,279.799988,656,2.79,367.700012,82.010002,4611,58.700001,4.195,183.399994,NA,1861.5,4.55,3665,761.302979,867,0.88974,888.5,1.699,335.200012
2016-09-15,149.139999,107.309998,139.25,3057,10167,660.700012,31.485001,30.139999,9520,367.899994,0.0746,318.25,176.199997,230.199997,84.410004,122.389999,3.17,862,730.400024,85.669998,1319.5,104.510002,147000,2547,0.7814,81.349998,645,23.1,30.49,0.1705,20.860001,282,655.5,2.791,362.299988,80.989998,4585,57.900002,4.175,184.25,NA,1848,4.5,3690,759.812012,858,0.90272,893,1.7045,325.5
2016-09-16,147,106.059998,137.7,3028,10269,665.5,30.790001,29.42,9470,360.850006,0.075,316.700012,180.600006,232,84.690002,122.989998,3.069,859.5,726.400024,82.739998,1335,104.199997,143300,2551,0.7553,81.25,656.5,23.66,29.190001,0.16172,20.16,280.899994,654.5,2.775,357.200012,80.169998,4599,59.599998,4.185,184,NA,1830,4.5,3770,756.830017,855,0.85189,890,1.68,328
2016-09-19,148.660004,107,136.87,3018,10339,658.400024,30.639999,28.84,9505,361.200012,0.0745,323.950012,176,231,86.25,127.300003,2.983,876.5,735.900024,81.790001,1341,107.529999,142000,2569,0.782,81.300003,657.5,23.49,28.665001,0.16788,20.334999,281.5,655.5,2.775,350,85.199997,4580,61.849998,4.195,183.199997,NA,1852,4.53,3580,758.817993,873,0.86896,897,1.6945,334.799988
2016-09-20,149.300003,107.290001,136.2,3055,10350,639.099976,30.799999,29.735001,9562,358.799988,0.0745,324.350006,175.699997,230.5,86.599998,127.5,3.053,874.5,759.900024,84.860001,1341,108.089996,140300,2570,0.7848,81.029999,654.5,22.9,29.360001,0.16886,20.5,282.100006,660,2.72,345,84.57,4575,61.5,4.205,182.25,NA,1842.5,4.695,3555,760.309021,852,0.88724,894.5,1.6825,336.799988
2016-09-21,150.669998,108.449997,137.21,3048.5,10648,643.299988,31.1,30,9420,360,0.07471,318.450012,174.699997,233,85.580002,127.309998,3.1185,874.5,778,87.610001,1348.5,111.5,139500,2599,0.806,80.080002,645.5,22.299999,29.200001,0.17377,20.495001,282.200012,664,2.747,352,85.18,4576,62.650002,4.19,182.899994,NA,1835,4.905,3455,760.309021,851,0.88544,887,1.683,338.899994
2016-09-22,154.179993,111.470001,136.86,3125,10700,661,31.120001,30.120001,9715,360.450012,0.07585,322.450012,176,234.800003,86.699997,130.889999,3.18,884,785.200012,88.940002,1401,113,137300,2573,0.811,80.699997,635.5,22.190001,30.334999,0.17362,21.049999,286.399994,670,2.762,351.299988,87.82,4500,62,4.27,180.300003,NA,1862,4.92,3435,767.763,835,0.90272,884,1.706,342.700012
2016-09-23,151.5,109.379997,136.27,3085.5,10600,665,30.905001,29.825001,9730,356.049988,0.07529,323.25,177.199997,231.850006,88.970001,129.600006,3.1995,811,782,87.349998,1398.5,114.25,138700,2547,0.8095,80.099998,622.5,22.049999,29.799999,0.176,20.805,286.399994,675.5,2.799,342.600006,87.760002,4488,61.75,4.235,181.050003,NA,1862,4.935,3400,763.786987,845,0.90182,880,1.6935,343.899994
2016-09-26,149.100006,109.260002,136.38,3060,10789,662.400024,30.645,29.9,9667,350.350006,0.0748,319.149994,177,230.699997,89.989998,127.449997,3.2,801,774.900024,85.699997,1370,117,137500,2560,0.8057,80.139999,625,22.17,29.754999,0.1763,20.65,285.200012,675,2.784,338.299988,91.699997,4508,61.849998,4.215,179.949997,NA,1857.5,5.135,3400,764.781006,872,0.88584,883.5,1.693,340
2016-09-27,147.529999,108.75,135.57,3028,10432,663.799988,30.1,29.809999,9780,341,0.073,316.799988,178,229.899994,87,123,3.145,798.5,781.200012,85.449997,1353,117,137400,2546,0.7914,79.199997,618,21.5,28.985001,0.17212,20.434999,289.299988,671,2.771,334.100006,87.989998,4507,61.349998,4.22,179,NA,1855.5,5.33,3405,767.763,840,0.86387,882,1.671,338
2016-09-28,147.179993,109.199997,134.36,3010.5,10555,670.5,30.334999,29.77,9952,341.299988,0.07272,319.5,179,229.800003,86.199997,123.889999,3.15,807,792.200012,85.099998,1355,116,139100,2535,0.792,79.150002,621,22.01,29.844999,0.1773,20.299999,290.299988,675.5,2.874,336.600006,90.529999,4550,61.950001,4.24,180.899994,NA,1850,5.2,3450,768.26001,835,0.87925,883.5,1.721,337.899994
2016-09-29,148.470001,109,135.4,3082,10530,678.5,30.59,29.459999,9918,349.200012,0.0733,325.850006,182.399994,230.050003,86.800003,125.18,3.1515,799.5,779.700012,85.5,1353,117.489998,139300,2524,0.7865,79.199997,616,21.559999,29.549999,0.17603,20.290001,291.299988,672,2.883,341.5,88.800003,4500,62,4.28,180.100006,NA,1849.5,5.335,3385,770.247986,830,0.87885,883.5,1.751,342.799988
2016-09-30,145.339996,105.82,135,3068,10391,682.5,30.709999,28.995001,9812,342.799988,0.0721,320.25,181.899994,227.5,86.599998,126.599998,3.1905,795,753,82.940002,1341,116.93,135100,2490,0.775,78.82,609,21.870001,28.559999,0.17849,20.309999,292,673.5,2.856,343.399994,90,4485,61.549999,4.25,178.199997,NA,1869,5.225,3375,772.731995,828,0.93178,891,1.72,344.899994
2016-10-03,148.869995,108.550003,135.12,3075,10539,674,29.959999,28.535,9648,346,0.07183,320.649994,180.300003,229.399994,86.699997,127.669998,3.223,781.5,767,84.900002,1356,119.199997,134500,2453,0.7874,78.870003,601.5,22.6,28.99,0.1795,20.700001,291.899994,673.5,2.887,347.5,91.029999,4483,61.700001,4.3,180.399994,NA,1848.5,5.25,3375,771.737976,833,0.9193,891,1.75,352.299988
2016-10-04,148.100006,107.82,135.51,3077,10507,673.599976,29.280001,28.584999,9639,346.600006,0.07145,324.450012,181.199997,229.050003,88.599998,120.199997,3.198,747,789,84.650002,1346,122.400002,137300,2458,0.7766,78.889999,602,23.76,28.705,0.17635,20.51,291.899994,664,2.822,358.399994,92.010002,4451,62,4.295,180.100006,NA,1821,5.2,3350,770.247986,822,0.90941,895.5,1.7195,346.899994
2016-10-05,147.949997,108.68,136.32,3076,10490,669,29.174999,28.780001,9530,341.700012,0.0701,326.100006,182,228.399994,88.599998,122.599998,3.214,702.5,798.200012,84.650002,1371,121.199997,135500,2440,0.752,79.800003,592,24,29.190001,0.169,20.799999,290.100006,661.5,2.863,360,90,4464,61.5,4.25,180.350006,NA,1790,5.07,3350,760.309021,821,0.87406,889,1.702,351
2016-10-06,148.899994,111.010002,134.8,3070,10590,667,29.355,29.700001,9475,343.399994,0.07015,326.850006,184.100006,230.800003,92.480003,122.25,3.2985,682,797.599976,86.459999,1376.5,122,137000,2440,0.752,79.449997,593.5,23.120001,29.715,0.16977,20.389999,291.200012,679.5,2.821,359,89,4424,61.549999,4.25,176.5,NA,1670,5.09,3300,763.291016,830,0.86737,884.5,1.691,347
2016-10-07,148.740005,111.220001,135.81,3050,10411,674.099976,29.379999,29.99,9401,341.5,0.07018,326.850006,188.199997,230.300003,94.300003,121.669998,3.36,660,799,86.400002,1367,118.769997,136200,2421,0.7464,79.5,592,23.15,29.545,0.17079,20.344999,291,674,2.801,352.600006,87.82,4412,60.900002,4.26,174.350006,NA,1572.5,5.11,3265,766.768982,817,0.86986,886.5,1.6705,343.399994
2016-10-10,151.270004,113.400002,136.17,3077.5,10491,674.5,29.5,30.129999,9406,361,0.07076,325.850006,190.5,232.550003,91.550003,123.290001,3.268,662,808.900024,87.849998,1352.5,115.800003,137400,2423,0.7631,80.260002,608,22.73,29,0.175,20.375,290.799988,684.5,2.774,346.399994,87.839996,4425,60.950001,4.28,166.800003,NA,1547.5,5.15,3275,768.757019,826,0.90382,895.5,1.686,344.700012
2016-10-11,151.300003,113.900002,139.15,3104,10351,681.299988,29.15,29.695,9450,362.049988,0.0702,327.950012,189.899994,231.949997,91.830002,124,3.235,654,817,85.860001,1350.5,121.900002,135900,2432,0.766,80.769997,611,22.84,29,0.1699,20.360001,289.899994,686,2.761,343.799988,91,4431,61.549999,4.305,165.800003,NA,1486.5,5.535,3285,770.744995,811,0.88954,895.5,1.689,340.299988
2016-10-12,149.199997,112.32,138.83,3117.5,10245,677,29.1,30.094999,9432,363.149994,0.0691,326.899994,188.899994,232.399994,90.510002,124.050003,3.223,650,816.5,86.75,1290,119.400002,143000,2446,0.769,80.230003,610.5,22.4,28.985001,0.17131,20.075001,288,690,2.762,337.5,89.989998,4416,61,4.295,167,NA,1495,5.705,3270,770.744995,827,0.88994,898.5,1.697,328
2016-10-13,146.089996,110.650002,137.7,3084.5,10219,679,28.945,30.195,9400,359.399994,0.06869,330.600006,186.100006,221.75,87.010002,123.550003,3.22,664.5,810.700012,87.900002,1231,116.449997,145900,2429,0.7582,79.75,611.5,22.299999,28.754999,0.16814,20.25,288.100006,696,2.749,335,89.510002,4430,59.400002,4.245,165.75,NA,1475,5.79,3260,770.744995,850,0.87895,895,1.6875,320.600006
2016-10-14,146.729996,110.599998,137.57,3064,10144,677.5,28.924999,30.495001,9390,353.850006,0.0678,328.5,192.100006,219.449997,86.980003,124.269997,3.243,656,808,87.040001,1212,116,142200,2420,0.7555,79.959999,604,22.26,28.450001,0.16424,20.51,290.100006,706,2.71,334.899994,89.209999,4413,59.75,4.24,166,NA,1410,5.775,3260,767.265991,862,0.87935,898,1.7035,317.899994
2016-10-17,146.460007,110.190002,136.08,3030,10100,665.299988,28.23,30.540001,9250,348,0.06756,329.049988,190.300003,219.449997,88.290001,123.5,3.262,654.5,820.099976,90.019997,1186,118.919998,143600,2419,0.7677,79.300003,611,21.99,29.280001,0.16436,20.629999,288,704,2.73,340.799988,93,4408,61.700001,4.21,168,NA,1425.5,5.8,3320,765.775024,856,0.89563,880,1.69,317.399994
2016-10-18,147.740005,110.919998,136.01,3050,10535,671.099976,27.955,30.24,9364,345.75,0.06805,333.799988,190,220.149994,87.400002,124.239998,3.333,682.5,800,90.370003,1228.5,118.07,140600,2410,0.7659,79.650002,607,21.75,28.93,0.1679,20.65,287.700012,707,2.722,342.5,93.139999,4405,62.25,4.205,172.449997,NA,1414,5.88,3345,767.265991,859,0.88135,884,1.711,321
2016-10-19,148.600006,111.860001,136.1,3048,10567,668.799988,27.75,29.549999,9269,345.100006,0.0687,331.399994,189.100006,218.800003,87.440002,122.910004,3.316,679.5,815,90,1238.5,120.220001,141700,2357,0.7958,79.279999,593,21.4,28.559999,0.16852,20.514999,288.299988,713.5,2.719,345,98.699997,4401,63.200001,4.17,168,NA,1400,5.87,3250,769.750977,856,0.89433,880,1.7195,325.100006
2016-10-20,148.259995,111.370003,135.69,3037.5,10605,661,27.395,29.700001,9200,342.799988,0.06715,331.5,189.699997,218.800003,87,119.059998,3.2795,683,821.5,89.93,1234,124,140000,2240,0.8063,78.650002,581,21.290001,28.440001,0.1668,20.67,284,714,2.73,345,106.68,4388,61.599998,4.15,167,NA,1468,5.84,3110,770.247986,837,0.90592,895.5,1.715,323.200012
2016-10-21,148.419998,111.75,135.1,3071,10525,656,27.434999,29.424999,9376,344.299988,0.06753,331.299988,190.899994,217.600006,87.269997,116,3.181,675,827.200012,87.709999,1213.5,126.690002,138300,2225,0.79,78.800003,576.5,21.200001,28.209999,0.1652,20.125,288.299988,714,2.715,344,116.599998,4416,63.549999,4.155,165.600006,NA,1465,5.88,3080,766.271973,835,0.88934,908.5,1.7105,324
2016-10-24,149.149994,112.199997,135.2,3094.5,10526,654.200012,27.08,29,9250,347.75,0.06879,331,191.600006,217.300003,86.620003,112.830002,3.23,677,830.400024,89.610001,1221,129.990005,144000,2291,0.7974,79.129997,568,20.860001,28.405001,0.1655,19.889999,286,721,2.699,360.5,145.600006,4378,64.449997,4.16,168,NA,1452.5,5.8,3090,765.278015,827,0.90292,900.5,1.707,325.5
2016-10-25,151.570007,112.82,135.29,3098,10430,665.799988,27.1,29.514999,9304,348.700012,0.06925,338.950012,196,217.449997,87.75,117.650002,3.25,675,825,91.900002,1222.5,128.669998,149700,2300,0.8205,78.860001,560.5,21.219999,28.65,0.16803,20.51,285.799988,717.5,2.702,358.899994,144.009995,4316,64.449997,4.185,168,NA,1440.5,5.78,3065,767.265991,820,0.90891,886,1.683,324.5
2016-10-26,150.669998,111.480003,135.11,3081.5,10405,668.900024,27.295,29.17,9307,347.600006,0.06915,332.600006,193.899994,217.199997,87.339996,117.309998,3.2845,669.5,855.700012,94.519997,1194.5,128.119995,154500,2330,0.8098,78.790001,564,21.17,29.485001,0.1722,20.040001,285,720,2.75,352,147.449997,4351,66.25,4.19,166.300003,NA,1424.5,5.78,3050,765.278015,828,0.90522,888.5,1.6895,326.399994
2016-10-27,149.300003,112.110001,135.38,3099,10450,668.900024,27.120001,29.209999,9451,346.700012,0.06801,334.450012,195,213.399994,87.489998,118.800003,3.3035,679,868.599976,96.339996,1261,126,163000,2352,0.7949,78.82,565,22.610001,30.035,0.169,19.855,284.100006,718,2.752,343.100006,157.789993,4388,66.449997,4.215,166,NA,1470,5.785,3035,766.271973,842,0.93548,886,1.6585,324.799988
2016-10-28,149.199997,112.440002,134.99,3104,10551,665.200012,27.235001,29.17,9345,349.899994,0.06822,338.399994,196.899994,213.300003,89,117.389999,3.36,681.5,866.799988,95.800003,1270,129.190002,158300,2341,0.803,79.339996,583,23.030001,30.18,0.169,19.43,281.899994,716.5,2.776,340.299988,153,4356,66.699997,4.245,166,NA,1497,6.18,3010,763.786987,831,0.96374,884.5,1.6995,325
2016-10-31,147.399994,111.589996,136.3,3100,10630,660.799988,27.014999,28.73,9344,347.649994,0.06775,355,203,223.5,88.599998,116.709999,3.4,687,886.400024,102.550003,1256,129.949997,152000,2360,0.7949,79.010002,602,23.219999,31.860001,0.171,19.275,285.100006,718,2.781,339.700012,148.199997,4400,68.900002,4.275,165.800003,NA,1480,6.7,3000,777.205017,829,0.97473,879.5,1.713,323.399994
2016-11-01,145.850006,110.220001,139.15,3106,10530,653.799988,27.445,28.15,9310,354.799988,0.06877,362.549988,204.100006,223.699997,88.800003,114.699997,3.436,733.5,868.200012,100.160004,1243.5,134.039993,153150,2313,0.808,81.550003,606.200012,23.700001,32.009998,0.1692,19.85,288.600006,730.5,2.919,338.399994,152.960007,4393,67.800003,4.292,167.5,NA,1460,6.795,2950,789.130981,823,1.01667,906.5,1.7135,318.5
2016-11-02,142.360001,107.599998,141.49,2983,10421,645,28.6,29,9200,348.149994,0.0675,355.899994,198,220.600006,87.019997,114.910004,3.434,747,848.799988,98.949997,1212,135.300003,156300,2295,0.7837,81.5,602.200012,23.219999,30.860001,0.1653,19.799999,281.700012,732,2.897,341.200012,148.029999,4443,67.25,4.247,166.949997,NA,1444.5,6.42,2995,787.640015,818,0.9947,900,1.7195,317.399994
2016-11-03,142.75,106.519997,140.72,2984,10360,640,28.5,29.299999,9157,342,0.06754,355,196.899994,220.5,84.75,114.910004,3.435,732,842.799988,99.699997,1190,130.850006,162700,2250,0.7717,81.139999,605,22.790001,31.025,0.1655,19.834999,280,736,2.85,333,141.699997,4528,67.699997,4.245,166.199997,NA,1421,6.465,3045,785.156006,813,1.01048,894,1.756,314.299988
2016-11-07,143.399994,106.400002,140.53,2991,9740,652.299988,28.23,28.66,9230,341,0.06753,355.899994,197,220.800003,81.610001,110.169998,3.465,713,861,104.699997,1196,128,163100,2259,0.76,81.260002,593.200012,22.85,31.17,0.16071,19,280,740.5,2.816,333.5,151,4500,67.5,4.25,166.949997,NA,1395,6.385,3040,789.627991,817,0.98921,883,1.997,318.200012
2016-11-08,146.110001,106.760002,138.81,3030,9860,648.099976,28.684999,29.290001,9400,340.5,0.06797,353.799988,194.699997,219.199997,82,111.199997,3.48,721.5,864.400024,102.589996,1197,125.150002,165900,2331,0.7629,81.010002,588.099976,23.25,30.15,0.16105,18.969999,280,744,2.79,329.100006,156.279999,4439,67.449997,4.31,166.800003,NA,1409.5,6.3,2955,795.093994,811,0.98661,883.5,2.035,317.799988
2016-11-09,151.039993,110.480003,138,3058.5,9651,668,29.5,29.790001,9590,347.600006,0.0692,364.600006,197.600006,220.699997,82.300003,112.989998,3.63,738,878,104.019997,1234,129.100006,170750,2340,0.7898,82,592.5,23.42,30.405001,0.16477,19.42,280.899994,738.5,2.747,326.700012,163.5,4460,67.800003,4.365,166.75,NA,1415,6.5,3020,796.088013,805,0.99869,903.5,2.38,321.399994
2016-11-10,153.360001,111.800003,146.45,3145,9850,686,29.5,29.504999,10046,351.049988,0.06877,375,197.899994,224.300003,84.540001,114,3.6755,722,922.700012,112.660004,1240.5,128.899994,165000,2370,0.7777,82.150002,587.5,25.309999,31.424999,0.16602,20,280.5,737,2.772,337,177,4408,69.199997,4.459,167.949997,NA,1450,6.6,3050,789.627991,815,1.00239,905,2.2685,318
2016-11-11,151.509995,113.489998,147.5,3092,9910,685.400024,29.5,29.629999,10150,342.100006,0.06821,357.450012,191,221.899994,87.120003,112.199997,3.6,697,933,117.349998,1225,129.600006,158600,2416,0.762,81.07,580.799988,27.1,30.924999,0.16535,19.445,279.600006,741.5,2.781,337.5,185.899994,4471,69.599998,4.453,167.399994,NA,1423,6.55,3150,796.585022,811,1.01867,914.5,2.082,315
2016-11-14,150.399994,113.209999,148.57,3064,9870,676.5,29.665001,29.555,10380,337.700012,0.06799,361,193.800003,221.550003,88.400002,110,3.685,662.5,925,117.190002,1195,129.5,157150,2437,0.7601,82.339996,573,26.860001,31.635,0.172,19.145,277.600006,744,2.74,333.5,210.830002,4476,70,4.375,166.949997,NA,1385,6.7,3140,794.596985,813,1.04863,895,2.112,312.200012
2016-11-15,149.850006,111.650002,146.54,3043,9920,679.400024,29.504999,29.51,10367,338,0.06804,363.700012,195.800003,220.25,89,111.209999,3.815,635.5,916.599976,114.379997,1170,130,154200,2469,0.763,81.559998,562.700012,26.1,31.790001,0.17125,19.035,277.600006,746,2.755,338.299988,211,4416,70.949997,4.35,166.850006,NA,1385,6.7,3180,795.093994,808,1.04363,898,2.075,311.600006
2016-11-16,149.940002,111.650002,147.03,3063,10138,692,29.415001,29.440001,10270,339.25,0.06815,381.950012,197.699997,221.600006,88.18,111.300003,3.897,645,916,115.550003,1164,129.990005,161100,2454,0.7913,83.07,556.599976,25.870001,32.014999,0.1719,19.4,277.100006,746,2.748,354.899994,208.210007,4449,70.349998,4.33,166.75,NA,1370.5,6.8,3200,791.616028,789,1.09107,892.5,2.091,313.299988
2016-11-17,149.75,110.279999,145.82,3105,10267,700.900024,29.52,29.695,10289,338.149994,0.06802,399.549988,203.100006,220.800003,88.010002,109,3.926,635.5,922,117.260002,1150,128.800003,159750,2495,0.8098,82.5,550.700012,26.110001,32.200001,0.18267,19.4,279.100006,744,2.747,343.399994,201,4462,68.75,4.281,167.699997,NA,1325,6.67,3300,791.616028,791,1.15848,894.5,2.2,305.5
2016-11-18,150.050003,111.25,147.51,3084.5,10351,704.700012,29.594999,29.65,10144,337,0.06775,386.799988,200,220.5,88.519997,112.620003,3.9945,609,914.5,115.5,1203.5,129.910004,159000,2492,0.8072,82.769997,539.5,25.299999,31.684999,0.17989,19.67,278.399994,745.5,2.804,351.399994,185.929993,4454,69.050003,4.251,167,NA,1310,6.77,3320,783.664978,777,1.15,883.5,2.168,299
2016-11-21,153,111.949997,147.6,3127,10380,717,29.43,29.459999,10137,340.549988,0.0685,398,201,224.449997,87.75,113.029999,4.02,622,907,114.720001,1201,130.190002,159500,2538,0.8004,82.599998,530.200012,25.33,31.9,0.17996,19.700001,276.399994,741.5,2.812,355.899994,203.020004,4444,70.25,4.22,167.25,NA,1286,6.79,3370,784.161987,770,1.13192,885.5,2.164,301.600006
2016-11-22,155,113.809998,150.21,3112,10450,717.400024,29.18,29.165001,10277,341.799988,0.06821,385.850006,200.5,223.5,89.339996,116.68,4.0435,608.5,943,116.5,1177,129.199997,158150,2540,0.8065,82.660004,540.700012,26.190001,33.049999,0.17774,19.825001,275.700012,745,2.823,369.899994,197.889999,4432,71,4.257,167.300003,NA,1380,6.595,3360,786.148987,751,1.11065,874,2.101,302.200012
2016-11-23,155.229996,114.5,150.24,3175,10487,727.5,29.190001,29.299999,10490,347.450012,0.06875,392.399994,206,225.699997,89.75,119,3.99,601,960.200012,116.900002,1228,130.860001,166000,2589,0.8129,82.949997,547.5,26.549999,34.700001,0.18164,20.299999,276.700012,744,2.869,372,193.779999,4426,73,4.265,167.25,NA,1380.5,6.535,3315,788.137024,771,1.12013,888.5,2.087,302
2016-11-24,161.149994,118.239998,149.53,3176.5,10430,735.900024,29.025,29.07,10498,346.549988,0.0683,389.600006,202.300003,228.199997,91,118.669998,3.8695,603,968,118,1228.5,130.860001,166450,2571,0.823,83.940002,551.5,26.889999,34.610001,0.186,20.719999,276.700012,740.5,2.881,375,193,4416,73.300003,4.314,167.350006,NA,1365,6.39,3410,791.119019,785,1.12842,883.5,2.1,294
2016-11-25,160.360001,118,150.94,3154.5,10420,728.5,29.1,29.389999,10450,341.5,0.0685,386.100006,203.5,227.5,89.699997,117.5,3.7995,603,983.599976,119.389999,1221.5,130,167000,2567,0.89,84.25,548.700012,26.799999,35.75,0.18872,20.555,278.5,735,2.899,376,195.5,4424,72.900002,4.277,167.399994,NA,1372.5,6.305,3345,794.099976,808,1.13252,892,2.1805,290.100006
2016-11-28,159.399994,117.029999,151.14,3145.5,10380,724.099976,29.125,29.799999,10550,336.600006,0.06875,391,201,229.300003,90.75,116.300003,3.948,617.5,984,123.059998,1213,130.160004,172950,2579,0.8803,83.540001,542,27.299999,36,0.1948,20.75,278.5,728,2.912,376.200012,199.660004,4429,72.349998,4.285,167,NA,1375,6.495,3395,788.633972,806,1.15799,897,2.204,287.700012
2016-11-29,158.070007,115.699997,148.84,3147,10290,719.5,29.905001,30.75,10468,336.75,0.06876,384,201.100006,229.550003,88.610001,114.010002,3.8105,623,978.5,123,1215,131.740005,171150,2542,0.9127,83.720001,561,27.15,35.400002,0.1921,21.700001,278.799988,723,2.896,365.799988,192.039993,4440,73.800003,4.265,167.399994,NA,1395,6.39,3335,784.161987,801,1.17656,915,2.2085,288
2016-11-30,158.699997,116.080002,147.99,3188,10500,732,29.969999,31.415001,10371,340.200012,0.0694,388.299988,200.300003,230.25,92.489998,118.349998,3.8,608.5,960.700012,117.940002,1201.5,134.830002,177800,2552,0.9401,84.599998,567,26.549999,34.445,0.2002,21.795,279,716.5,2.895,373,182.809998,4260,73.900002,4.275,167,NA,1380,6.505,3420,782.174011,808,1.20812,916.5,2.3,288
2016-12-01,158.699997,115.400002,149.59,3210,10297,731.200012,30.065001,31.5,10620,338.5,0.06831,398.5,205.399994,239,92.800003,119.599998,3.8,595,964.900024,116.150002,1217,135.699997,188750,2573,0.921,84.800003,586.799988,26.959999,34.650002,0.19775,21.6,278.100006,730,2.834,364.799988,183.550003,4480,76.300003,4.285,167.550003,NA,1392.5,6.615,3510,778.695007,813,1.17207,917.5,2.24,283.799988
2016-12-02,159.399994,116.620003,152.8,3286,10350,733,29.635,31.139999,10680,340,0.06835,397.799988,206.699997,244.699997,92.699997,116.699997,3.671,609,973,115,1197.5,135.899994,187200,2565,0.93,85.550003,599.5,27.059999,33.549999,0.1931,22,279.899994,732,2.859,372.100006,174.509995,4478,76.900002,4.25,167.199997,NA,1388.5,6.425,3525,781.677002,811,1.16498,919,2.238,282.899994
2016-12-05,162.020004,118.059998,152.18,3300,10550,760,30.115,31.719999,10830,351.5,0.06866,413.700012,214.800003,249.25,94.120003,119.449997,3.592,589.5,967.5,117.449997,1199,139,185600,2585,0.968,86.25,603,27.4,33.825001,0.201,22.25,280.399994,729,2.864,368.5,175.339996,4448,77,4.246,167,NA,1388,6.5,3555,782.671021,806,1.20343,925,2.2835,287.600006
2016-12-06,159.350006,116.5,153.92,3267.5,10649,761.900024,30.450001,31.799999,10900,352.649994,0.068,422.950012,217.600006,248.449997,93.230003,119.809998,3.75,599,1007.599976,116.699997,1231,139.5,188950,2629,0.945,86.059998,601.799988,28.540001,33.560001,0.19862,22.299999,278.399994,728.5,2.898,369.5,171.5,4440,78.099998,4.241,167,NA,1365,6.67,3550,778.695007,796,1.20343,945,2.3195,290.5
2016-12-07,159.949997,118.209999,151.56,3287,10580,770,30.35,31.85,10990,356.25,0.06815,423.5,223,250.100006,91.260002,118.699997,3.734,605.5,1007,120.510002,1243,141.899994,188750,2632,0.929,86.940002,597,29.370001,34.389999,0.19852,22.84,282,729,2.93,373.200012,172.5,4444,79.150002,4.25,166.649994,NA,1351,6.6,3600,778.695007,777,1.2231,977,2.318,289.5
2016-12-08,168.979996,123.75,152.48,3359.5,10730,765,31,33.400002,11070,375.850006,0.069,417.799988,223.800003,254,91.589996,119.699997,3.87,624,1015.700012,118.5,1252,146.580002,205200,2628,0.95,87.900002,595.599976,29,35.27,0.203,23.49,281.399994,726,2.935,369.100006,170,4444,80,4.246,167.75,NA,1349,6.57,3660,779.689026,790,1.28722,985,2.379,290.899994
2016-12-09,169.660004,121.900002,153.5,3371,10423,768,30.905001,33.27,10996,370.799988,0.07523,417.299988,224.899994,256.950012,92,120.550003,3.849,624.5,1006,113,1248,147.679993,204700,2603,0.9675,87.489998,593.900024,28.5,34.139999,0.20381,23.15,278.899994,722.5,2.932,363.299988,165.619995,4449,79.800003,4.248,167.850006,NA,1337.5,6.45,3605,782.174011,795,1.2987,968.5,2.445,294.399994
2016-12-12,175.399994,126.300003,154.18,3375,10350,764.799988,30.200001,32.095001,10909,388.149994,0.0734,394,224.199997,261.899994,95,125,3.8345,587,968.900024,109.419998,1240,150.199997,202500,2537,0.983,88.309998,605,27.98,34.5,0.20411,22.514999,276.700012,728,2.921,365.600006,194,4430,81,4.236,166.850006,NA,1336,6.465,3720,781.677002,798,1.27333,960.5,2.518,298
2016-12-13,176.899994,129.529999,158.35,3328.5,10693,799.400024,30.57,32.735001,10804,397.799988,0.0736,405.950012,232.800003,259.950012,98.699997,128.460007,3.8655,582,978,113.169998,1277,152.600006,203250,2560,0.98,88.269997,609.900024,28.17,34.32,0.2063,22.395,275.700012,728,2.934,367.299988,189,4434,80.050003,4.24,166.75,NA,1329,6.535,3695,781.179993,789,1.2983,955.5,2.464,298.899994
2016-12-14,173.699997,128.559998,159.01,3352,10602,792.200012,30.5,32.645,10590,403.049988,0.07228,395,231.300003,259,99.449997,122.5,3.849,632,950.400024,112.349998,1282.5,146.199997,199550,2570,0.9576,86.650002,603.900024,27.969999,34.650002,0.2045,22.5,277.299988,722,2.968,395.5,190,4431,81,4.241,167,NA,1334,6.48,3670,780.682983,783,1.32617,956.5,2.556,295
2016-12-15,174.919998,129.089996,155.77,3383.5,10532,784.099976,30.879999,32.305,10512,400.450012,0.0723,405,229.899994,264,99,124.900002,3.839,600.5,969.900024,115.849998,1292,150.509995,201450,2575,0.9765,86.699997,608.900024,27.35,34.299999,0.20418,22.665001,273.299988,726.5,2.959,387.5,194.979996,4455,82,4.245,167,NA,1348.5,6.575,3650,781.677002,801,1.3033,948.5,2.5085,297.5
2016-12-16,173.899994,128.419998,158.48,3352,10720,793,31,32.264999,10525,410.5,0.0737,403.350006,231.199997,266.600006,97.410004,122.730003,3.725,600,945,115.18,1263,149.800003,202250,2600,0.9453,84.889999,616,26.719999,33.584999,0.20273,22.469999,267,727,2.865,390,194,4460,79.949997,4.245,168.600006,NA,1350,6.45,3575,780.682983,842,1.28792,932,2.4695,286.100006
2016-12-19,174.300003,127.800003,157.14,3350.5,10597,787.400024,31.02,32.195,10260,402.600006,0.07255,398.799988,228.699997,259.149994,97.480003,124,3.793,597.5,923.299988,112.900002,1255,148.820007,204050,2526,0.9261,84.760002,590.5,26.700001,33.209999,0.20183,22.754999,274.600006,721.5,2.881,389.899994,192.779999,4435,80.400002,4.253,166.899994,NA,1334.5,6.51,3615,780.682983,840,1.16847,956.5,2.298,289.600006
2016-12-20,175.899994,128.449997,154.55,3415,10709,779.200012,30.870001,32.099998,10249,400.149994,0.07259,410,229,259.700012,97.650002,122.5,3.828,589.5,941,113.110001,1267,157.839996,201500,2510,0.9218,84.709999,583.5,26.129999,34.080002,0.2005,22.93,280,722,2.853,387,187.809998,4449,80.550003,4.265,167,NA,1328,6.505,3620,778.198975,843,1.19024,964.5,2.14,287.399994
2016-12-21,174.710007,129.630005,155.43,3439,10750,775.099976,30.48,31.309999,10194,399.649994,0.07175,410.950012,225.600006,256,97.599998,120.400002,3.812,590.5,922.900024,111.879997,1245,158.360001,197500,2491,0.903,84.800003,570.599976,25.75,33.564999,0.195,22.700001,280.100006,725,2.864,380.299988,188.699997,4449,79.900002,4.267,166.399994,NA,1292,6.52,3530,778.695007,828,1.17846,975,2.26,282.100006
2016-12-22,170,127.010002,153.21,3368,10411,770,29.885,31.08,10190,391.600006,0.0715,399.850006,220.199997,252.800003,96.949997,117.5,3.755,599,910.700012,110.800003,1246,155.630005,191400,2508,0.8934,83.830002,569.299988,25.98,34.084999,0.19443,22.594999,279.700012,721.5,2.793,382.200012,180.009995,4449,79.900002,4.271,166.199997,NA,1289,6.465,3560,782.174011,826,1.12653,955,2.323,274.399994
2016-12-23,171.149994,128.130005,150.28,3396,10408,760.400024,30.030001,31.25,10170,382.850006,0.07204,394.649994,222.699997,250,95.68,116.669998,3.76,604.5,900.799988,111.480003,1256,153.300003,195750,2550,0.8932,83.089996,581.400024,25.67,33.75,0.19232,22.530001,284.899994,724,2.78,386.899994,177.399994,4447,78.449997,4.265,166.25,NA,1258.5,6.52,3595,786.645996,809,1.10835,974.5,2.377,281.100006
2016-12-26,171.970001,128,149,3418,10327,759.299988,29.775,30.799999,10202,388.649994,0.0713,397.549988,220.600006,248.899994,97.089996,118.150002,3.747,598,919,113.849998,1245,153.800003,196300,2557,0.9023,83.389999,579,25.889999,33.790001,0.19326,22.41,287.5,724,2.778,385,189.100006,4417,78.900002,4.283,165.550003,NA,1245,6.48,3580,786.148987,816,1.12852,972,2.365,274.799988
2016-12-27,172.270004,128.130005,149.05,3428.5,10400,775,30.02,31.09,9896,398,0.07278,402.950012,222.300003,248.699997,96.190002,119.43,3.798,608.5,910,113.400002,1237,152.990005,199150,2554,0.9264,83.639999,571.099976,25.98,33.5,0.20079,22.32,284.899994,725,2.787,389.600006,181.800003,4386,78.75,4.28,165.800003,NA,1247,6.46,3575,786.645996,815,1.15549,972.5,2.3755,273
2016-12-28,170.100006,129,150.6,3344,10665,766,30.004999,31.549999,9790,398.200012,0.07302,410.299988,229.399994,250,96.239998,120.510002,3.785,608.5,906,112.129997,1228,152.979996,202600,2540,0.9127,83.989998,565.900024,25.75,32.705002,0.19994,22.5,283,724,2.811,383.399994,180,4429,78.050003,4.299,165.25,NA,1235,6.485,3555,790.125,816,1.148,973.5,2.3885,274.299988
2016-12-29,171.300003,130.5,150.72,3424.5,10795,765.5,30.965,31.9,9951,398.799988,0.07399,420.399994,230.399994,253.800003,96.099998,122.449997,3.8,637,912,113.699997,1241,152,198500,2551,0.918,83.989998,579,25.83,33.110001,0.20077,23,288.799988,723.5,2.827,382.799988,181.509995,4449,77.25,4.288,165.100006,NA,1225,6.53,3545,790.622009,795,1.13142,966.5,2.487,276.600006
2016-12-30,173.25,129.75,152.64,3449,11000,791.900024,30.950001,32.07,10122,402.799988,0.074,427,235,259,97.43,125.589996,3.844,638.5,942.200012,114.980003,1247.5,152.850006,197950,2599,0.9259,84,579.599976,26.23,33.264999,0.2032,23.17,290,724,2.889,387.5,181.25,4431,79,4.3,165.199997,NA,1228.5,6.585,3575,790.125,795,1.14241,952,2.48,280
2017-01-03,180.119995,136.589996,154.46,3575,11347,783,31.93,33,10245,419.5,0.07401,445.200012,244.100006,262.649994,100.540001,127.900002,3.881,643.5,940,116.18,1241,151.679993,204100,2593,0.93,85.599998,585.599976,27.25,33.009998,0.20646,22.945,291.5,723,2.896,388.399994,185.149994,4500,79.5,4.321,166.75,NA,1271,6.54,3540,789.627991,810,1.1703,982,2.501,285.399994
2017-01-04,175.949997,134.800003,156.99,3479.5,11220,775,31.799999,32.900002,10195,406.399994,0.07315,446.399994,244,259.299988,101.099998,130,4.0995,662.5,950.5,116.300003,1240,148.399994,207700,2607,0.92,84.800003,588.099976,27.139999,33.255001,0.2063,23.395,289.700012,724,2.903,385.5,181.669998,4500,79.449997,4.255,165.800003,NA,1279,6.53,3545,787.143005,812,1.1797,975.5,2.5015,285
2017-01-05,171.899994,133.470001,157.24,3379,10875,756.400024,31.594999,32.25,10025,399,0.07149,424.25,235.800003,260.5,101.25,127.75,4.13,661.5,942,116,1252,148.009995,203900,2575,0.9154,84.790001,593.799988,27.15,32.950001,0.205,23.299999,286.799988,717.5,2.911,380.5,181.259995,4525,78,4.25,165.550003,NA,1274.5,6.53,3495,787.640015,822,1.1864,972.5,2.5,286.700012
2017-01-06,170.690002,132.5,154.12,3365,10900,754.900024,31.690001,32.544998,10040,392.5,0.07097,423.450012,233.300003,257,100.660004,125.57,4.251,654,941.900024,112.139999,1291,146.309998,202500,2578,0.9345,85.279999,590.200012,26.809999,32.805,0.2059,23.5,288,723,2.886,376.399994,181.199997,4523,78.949997,4.277,165,NA,1280.5,6.555,3395,788.137024,818,1.2044,971,2.455,285
2017-01-09,168.350006,130,154.2,3384.5,10819,755.400024,31.299999,32.220001,10115,394,0.07058,425.799988,235.300003,258.399994,99.07,127.800003,4.15,662,951,111.720001,1317,143.130005,203450,2608,0.9349,84.970001,591.299988,26.77,32.904999,0.20599,23.379999,289,724.5,2.88,376.5,179.699997,4521,78.849998,4.283,165.149994,NA,1285.5,6.555,3430,790.622009,822,1.2225,1001.5,2.5145,280.5
2017-01-10,171.600006,130.589996,154.01,3399,10534,766.700012,31.315001,32.189999,10397,404.399994,0.07125,428.600006,238.600006,255.699997,101.989998,129.949997,4.0905,669.5,962,114.989998,1319.5,148.070007,206700,2621,0.9615,85.239998,605.5,27.09,33.57,0.20424,23.32,289.399994,729,2.916,374.600006,185.619995,4525,79,4.291,165.199997,NA,1294,6.595,3515,792.609985,839,1.25,1014.5,2.65,280.299988
2017-01-11,169.050003,128.800003,157.51,3394.5,10000,748.700012,31.299999,31.92,10439,397.5,0.07021,431.25,237.899994,257.100006,96.400002,134.770004,4.1165,668,961.700012,115.290001,1299,147.029999,210600,2755,0.949,85.099998,607.700012,27.25,34.299999,0.20472,23.200001,285.700012,726.5,2.932,373.5,196.529999,4520,79.150002,4.3,165.199997,NA,1292,6.75,3560,795.093994,869,1.2479,1016.5,2.591,283.100006
2017-01-12,168.270004,128.119995,158.3,3300,9880,752.400024,31.360001,32.365002,9994,390.950012,0.06955,438,238.899994,257.950012,101.949997,137.600006,4.0955,677.5,955.299988,115.989998,1271.5,157.910004,221000,2750,0.9699,85.699997,608.900024,26.98,33.875,0.20724,23.4,285,728,2.964,374,193.300003,4520,78.800003,4.298,167.899994,NA,1313.5,6.98,3540,792.609985,855,1.26,1036,2.6365,283.299988
2017-01-13,164.899994,124.260002,157.48,3290,9640,739.900024,31.41,32.294998,9756,388,0.06925,433.100006,236.800003,262.950012,101.849998,134.690002,4.025,668,942.599976,113.440002,1286.5,156.899994,221450,2719,0.9731,85.580002,612,26.940001,34.099998,0.20444,24.4,287.200012,728,2.978,372.600006,192,4527,79.449997,4.309,165.25,NA,1303,7.01,3500,795.591003,849,1.223,1040.5,2.665,281.5
2017-01-16,164.660004,122.760002,157.98,3240,9830,741.099976,31.355,31.9,9761,392.200012,0.06941,427.25,236,263.350006,101,133,3.945,670.5,951.700012,113,1305,159.009995,222500,2754,0.9839,84.949997,612.799988,27.969999,34.494999,0.20595,24.25,288.399994,727.5,2.965,369,193.600006,4600,79.949997,4.315,167.100006,NA,1330.5,7.085,3485,795.591003,849,1.2152,1050,2.6875,280.5
2017-01-17,165.979996,122.639999,155.81,3233,9825,736.799988,31.205,32.099998,9615,391.700012,0.06921,423.049988,234.5,265,99.300003,129.800003,3.89,688.5,949.400024,112.5,1303,158.630005,217500,2735,0.974,84.589996,611.599976,28.139999,34.650002,0.2034,24.084999,288,725,2.957,369.200012,189,4642,79.949997,4.309,167.100006,NA,1364.5,6.96,3480,795.093994,852,1.197,1026.5,2.79,273.899994
2017-01-18,165.240005,124,154.2,3224,9695,732.599976,31.120001,31.9,9549,387,0.06861,420,231.5,263.600006,100.849998,131.5,3.912,689.5,940,113.599998,1299,163.539993,208100,2756,1.049,84.360001,611,28.65,33.900002,0.21827,24.030001,288.299988,728.5,2.961,370.299988,187.080002,4592,79.349998,4.292,167,NA,1360.5,6.99,3500,796.585022,848,1.234,1022.5,2.96,267
2017-01-19,166.300003,124.989998,153.3,3195,9800,720.200012,31.424999,32.18,9590,380.75,0.06869,412.149994,225,268,100.449997,131.679993,3.8005,680.5,933.400024,112.099998,1307,160.850006,202850,2721,1.0965,84.5,626.099976,29.67,34.080002,0.21158,24.940001,275,728.5,2.989,373,191,4600,80.800003,4.297,167.399994,NA,1337.5,7.105,3450,794.596985,846,1.24,1006,2.9565,259.600006
2017-01-20,167.490005,126.480003,150.81,3180,9730,723.299988,31.700001,32.634998,9360,387.5,0.06843,411.149994,221.5,272.899994,99.699997,130.75,3.747,682,912.700012,110,1315,160.5,203700,2759,1.0866,84.360001,641.099976,29.27,34.299999,0.21026,25.125,273,728.5,2.994,372.5,190.009995,4613,80.5,4.286,169.75,NA,1329,7.05,3460,795.093994,849,1.2291,1004,2.971,257.399994
2017-01-23,166.75,124.779999,149.85,3176.5,9694,704.5,31.235001,32.400002,9424,390.200012,0.06868,401.799988,217.199997,267.700012,102,130.399994,3.845,692.5,901.5,109.010002,1295,160.199997,194700,2736,1.0615,84.879997,627.5,29.360001,34.75,0.213,24.834999,281.5,728,2.966,374,188.020004,4601,81.5,4.255,168.449997,NA,1315.5,7.075,3435,795.093994,847,1.236,1007,2.954,258
2017-01-24,170.25,127.699997,148.25,3190,9690,740.900024,31.379999,32.799999,9486,388.149994,0.0685,411.700012,219.600006,265.700012,104.809998,131.610001,3.89,708,927.299988,112.5,1349,161.399994,202600,2767,1.0289,84,631.5,30.799999,34.665001,0.2206,24.934999,284.200012,729.5,2.929,377.600006,190.729996,4599,82.300003,4.295,167.300003,NA,1321.5,7.09,3395,795.093994,839,1.243,1000,2.9645,259
2017-01-25,170.259995,127.449997,150.28,3215,9625,751.700012,31.790001,32.709999,9535,383.700012,0.0685,409.799988,218.800003,268,103.699997,131.860001,3.9585,699,934.700012,112.559998,1381,166.710007,209850,2819,1.0301,82.309998,621,31.66,36,0.21863,24.709999,284.799988,731.5,2.864,384.5,189.979996,4590,82,4.289,168,NA,1316,7.135,3400,796.088013,842,1.2178,999.5,2.958,268
2017-01-26,173.789993,129.940002,147.71,3376.5,10020,769,32.695,33.810001,9790,389,0.06909,429.950012,227,277.5,104.620003,136.419998,3.946,667,980,116.400002,1411,165.5,207000,2799,1.042,83.239998,634.400024,34.389999,37.369999,0.2256,24.834999,285.299988,730.5,2.83,381.399994,190,4620,84.25,4.299,169.75,NA,1323.5,7.09,3470,797.578979,840,1.219,1008,2.9615,272
2017-01-27,178.919998,131.899994,150.33,3486,9900,780,32.525002,33.255001,9792,402,0.0697,435,228.399994,277.049988,107.519997,138.5,3.9505,667,993.700012,116.800003,1418.5,168.5,211200,2860,1.0585,83.860001,638.900024,34.380001,37.68,0.231,24.745001,286.299988,730.5,2.845,383.200012,190.009995,4610,83.800003,4.306,170,NA,1355.5,7.11,3505,798.075989,860,1.232,1000,2.9,285
2017-01-30,174.600006,130.009995,153.68,3408,9625,772.799988,32.23,33.599998,9772,399,0.0694,421,227,276.350006,107.489998,136,4.06,674.5,964.400024,116.110001,1370,170.899994,210700,2863,1.0546,83.5,638.400024,34.700001,38,0.23649,24.4,286.600006,730.5,2.836,382.100006,188,4606,82.900002,4.268,169.949997,NA,1353,7.1,3490,795.093994,859,1.2548,999.5,2.8765,281.5
2017-01-31,172.199997,128.600006,150.59,3370,9650,759.799988,32.349998,34.349998,9629,400.600006,0.06897,406.700012,225.5,275.700012,105.699997,134.199997,4.0735,692,950,118.050003,1379,174.169998,204250,2849,1.0337,83.489998,632.799988,35.860001,39.345001,0.2323,23.905001,285.899994,736,2.818,385,186.009995,4648,82.949997,4.262,170.5,NA,1362,7.08,3510,797.578979,867,1.2385,1001,2.8305,279.200012
2017-02-01,173.899994,129.419998,150.05,3375,9700,764.799988,32.299999,34.845001,9848,401.5,0.06947,408.799988,227,279,105.440002,134.800003,4.07,707,974.799988,120.089996,1384,175,210550,2850,1.0573,84.370003,634.700012,35.310001,40.700001,0.236,23.995001,285.5,735,2.829,383,184.649994,4587,78.300003,4.282,169.25,NA,1415,7.05,3508,798.075989,860,1.2267,998.5,2.801,276.200012
2017-02-02,172.830002,128.800003,149.82,3364.5,9495,746,31.975,34.5,10255,397.299988,0.06909,404.899994,227.300003,272.700012,103.860001,134.169998,4.025,702,952,119.660004,1370,176.899994,206000,2892,1.059,83.980003,624.5,37.200001,41.27,0.2403,23.695,283.5,735,2.8,378.799988,187,4575,78.800003,4.28,168.75,NA,1440,7.07,3481,798.572998,857,1.2285,985.5,2.817,276.5
2017-02-03,173.800003,130,148.85,3370.5,9580,763.299988,32.665001,35.380001,10089,397.850006,0.06929,404.399994,228,274.350006,104.849998,135.789993,4.01,693,932.599976,119.190002,1387,178.5,203600,2835,1.0878,84.5,625.900024,35.130001,42.605,0.2483,24.190001,282,735,2.803,373.700012,185.330002,4564,76.400002,4.287,168.25,NA,1459.5,7.17,3484,796.585022,838,1.2651,1003,2.87,274
2017-02-06,172.869995,130.460007,149.38,3338,9640,759.799988,32.57,35.189999,9922,394,0.06868,401.950012,227.399994,271.899994,104.199997,135.100006,3.96,696.5,955.900024,118.25,1357.5,179,199000,2756,1.1,83.860001,630.900024,33.950001,41.900002,0.2424,23.43,283.799988,735.5,2.812,371,185.339996,4495,77,4.273,169,NA,1420,7.165,3460,798.075989,830,1.252,1003,2.8405,270.100006
2017-02-07,173.470001,130.679993,148.3,3379,9550,761.099976,32.75,35.400002,10136,389.700012,0.06879,399,226.600006,275.899994,105.589996,133.690002,3.9555,709,940.599976,118.050003,1382,173.5,201500,2760,1.092,84.709999,640,33.889999,40.950001,0.24805,24.190001,285.100006,731,2.78,374,183.100006,4449,77.099998,4.28,169.100006,NA,1434.5,7.13,3476,797.578979,827,1.2585,990,2.8495,275
2017-02-08,171.199997,128.839996,148.22,3299,9577,755,32.674999,35.105,10135,378.049988,0.0687,406,227.600006,271.100006,104.800003,131.550003,3.9995,728,932,121.260002,1350,172,187400,2700,1.0802,84.75,636,33.009998,41.349998,0.2562,24.184999,285.700012,732.5,2.804,372,181.550003,4501,77.5,4.25,168.75,NA,1420,6.97,3500,800.064026,830,1.2483,968,2.8235,269.100006
2017-02-09,168.800003,128.399994,145.34,3266.5,9862,735.200012,32.525002,35.650002,9999,379.799988,0.0687,398.950012,227.300003,272.200012,103.879997,131.669998,3.9595,716.5,906.099976,121.699997,1356.5,178.5,189100,2522,1.08,85.300003,635,32.18,42,0.255,24.200001,290.5,733.5,2.79,372,179.479996,4481,77.949997,4.243,170,NA,1410,6.875,3450,800.560974,835,1.247,966.5,2.869,269
2017-02-10,165.5,127.410004,142.67,3245.5,10002,744.200012,32.189999,34.700001,10072,377.600006,0.06843,398.299988,224.800003,272.100006,103.5,130.789993,3.99,722,909.799988,121.290001,1345,179.5,189100,2546,1.0838,85.050003,635.599976,31.709999,40.799999,0.255,23.799999,294.200012,733,2.771,369.5,177.600006,4468,76.550003,4.247,169,85,1400,6.95,3452,801.057007,822,1.248,966.5,2.8515,272.100006
2017-02-13,164.699997,127.980003,141.11,3279,10078,756.5,31.83,34.060001,9890,379,0.06816,395.450012,221.399994,270.75,101.5,129.479996,4.0195,710,924.900024,121.75,1335,177.399994,186400,2530,1.0921,85.209999,632.900024,30.85,41.689999,0.2573,23.780001,295,733,2.749,371,172.800003,4445,76.449997,4.259,167.800003,85.199997,1381.5,6.905,3441,800.560974,820,1.2386,987.5,2.845,269.799988
2017-02-14,162.699997,125.440002,141.27,3250,10030,747,31.995001,34,9740,369.850006,0.06788,385.200012,222,267.600006,99.300003,127.400002,3.932,698,907.799988,121.150002,1312,175.199997,190750,2480,1.0835,84.599998,631.400024,31.049999,41.099998,0.2571,23.674999,290.5,738.5,2.734,371.5,166.919998,4450,76.949997,4.239,167.100006,85,1366,6.895,3405,799.070007,810,1.24,989,2.854,266.799988
2017-02-15,163.5,125.449997,140.45,3211,10000,750,31.995001,34.549999,9940,360,0.06777,377.5,222.399994,273.450012,98.940002,127.809998,3.8165,696.5,908.5,121.68,1316,172.850006,190500,2514,1.0594,82.400002,640,31.6,41.32,0.25825,23.07,291.700012,738.5,2.76,371.5,165.520004,4447,77.550003,4.249,167.050003,85,1363.5,6.795,3421,803.044983,797,1.2472,990,2.872,271.399994
2017-02-16,166.490005,125.470001,139.93,3232,9930,756.099976,32.195,35.115002,9957,362,0.06799,380.5,221.5,277.450012,101.400002,127,3.92,696,899.900024,122.239998,1401,171.199997,190800,2540,1.058,81.75,635.5,31.700001,41.119999,0.253,22.77,292.5,737,2.795,370,175.399994,4450,77.349998,4.25,167,84.989998,1352,6.835,3400,802.051025,799,1.245,985,2.878,270.600006
2017-02-17,165.490005,124.449997,139.26,3198.5,9700,759.5,31.610001,34.869999,9720,354,0.06793,367.100006,222,277.5,99,126.5,3.873,715,882.900024,122.989998,1425,173.100006,188750,2548,1.071,80,633.5,31.4,40.200001,0.252,22.514999,290.200012,738.5,2.764,371.299988,176.059998,4450,77,4.24,167.050003,84.900002,1349,6.705,3435,802.547974,796,1.238,988.5,2.85,270
2017-02-20,165.440002,125,138.59,3180,9577,754.900024,31.545,34.639999,9585,349,0.06799,365,219.399994,281,99.699997,124.379997,3.854,716,882,120.580002,1425,171.25,185950,2570,1.047,79.18,636,30.65,40.494999,0.2399,23.1,291,735.5,2.792,369.799988,171.779999,4451,77.199997,4.24,167,84.849998,1360,6.65,3444,806.523987,813,1.1668,987,2.7995,266.899994
2017-02-21,167,126.900002,138.6,3199.5,9540,779,31.415001,34.994999,9677,354,0.06792,366.149994,219.5,278.549988,97.5,124.970001,3.7995,704.5,898.900024,119.349998,1395,170.899994,186850,2567,1.0408,79.980003,635.099976,30.83,39.814999,0.249,22.805,290.100006,735,2.729,370,169.529999,4451,78.5,4.272,167,84.800003,1352,6.635,3415,803.541992,816,1.17,989,2.761,265.600006
2017-02-22,165.899994,127.989998,138.63,3175.5,9194,778.900024,30.530001,34.27,9600,347,0.06742,364.5,221.800003,279,96.209999,126.199997,3.79,709.5,875.5,118.800003,1398.5,168.25,186100,2578,1.0168,79,645.599976,30.709999,39.400002,0.23645,22.690001,290.600006,736.5,2.741,370.100006,166.399994,4452,76.849998,4.267,167.050003,84.75,1348,6.725,3410,822.426025,819,1.1014,987,2.7085,261.100006
2017-02-24,165.509995,125.870003,136.51,3184,8825,783,30.639999,33.555,9498,343,0.06715,360,223.899994,277.049988,94.75,126.199997,3.8,731,849.700012,116.370003,1368.5,167,187000,2500,0.981,80,673.5,29.51,38.549999,0.22595,22.035,291.5,736.5,2.678,373.399994,160.800003,4452,77.949997,4.28,166.399994,84.699997,1334.5,6.54,3400,810.002014,809,1.045,976,2.666,264.5
2017-02-27,160.949997,121.25,137.15,3135,9190,757.5,29.715,32.205002,9341,331.049988,0.06675,351.899994,218.899994,274.350006,93.449997,123,3.6695,708,840.900024,113.949997,1354,165.050003,185750,2481,0.917,78.949997,660.5,28.91,37.650002,0.206,21.99,291.299988,735,2.626,372.399994,151.490005,4455,76.949997,4.255,167.050003,84.480003,1300.5,6.31,3361,806.523987,815,0.9999,949.5,2.4645,253.199997
2017-02-28,156,118.809998,135.7,3086,9133,754,29.395,31.809999,9311,331.100006,0.06608,340.950012,212,275.5,92.059998,123.5,4.0255,691,827.299988,112.650002,1330,165.199997,184950,2400,0.9379,78.059998,650.5,28.690001,36.98,0.214,22.620001,291.299988,733,2.574,373.799988,146.800003,4450,75.599998,4.23,167.050003,84.93,1288.5,6.3,3379,805.03302,815,1.02,952.5,2.4085,247.5
2017-03-01,160,122.919998,133.45,3120,9150,751.700012,29.875,32.299999,9371,341.799988,0.06725,355.950012,213.899994,273.299988,94.470001,128.25,3.824,679,859.599976,113.639999,1334,177.350006,180600,2442,0.952,78.709999,673.400024,30.9,37.674999,0.22245,22.700001,291.299988,737,2.605,374,154,4467,75.550003,4.263,167.199997,84.419998,1330,6.385,3390,806.026978,810,1.0662,970.5,2.448,254.5
2017-03-02,163.399994,125.290001,134.05,3086,9250,739.799988,29.66,32.5,9306,336.600006,0.066,365,220.600006,275,94,124.470001,3.64,675.5,834.599976,111,1358.5,174,179800,2461,0.936,79.050003,658.099976,30.620001,37.290001,0.2089,21.959999,290,755.5,2.632,375.600006,152,4459,73.699997,4.263,167,83.849998,1279.5,6.19,3390,805.530029,816,1.0367,954,2.412,252
2017-03-03,164.399994,122.43,131.15,3085,9175,746.299988,29.610001,32.490002,9336,336.5,0.066,364,221.600006,274.549988,95.849998,118.260002,3.71,661,825,111.5,1370,168.850006,175750,2421,1.003,79.129997,659.900024,29.99,37.505001,0.2105,21.795,290,754,2.567,381,151.759995,4455,75.5,4.261,167,82.82,1278.5,6.125,3408,805.03302,802,1.063,947,2.4895,250
2017-03-06,162,120.57,134.84,3078.5,9250,755,29.639999,32.02,9324,332,0.066,370,222.100006,273,94.389999,113.510002,3.6525,652,823.099976,110,1359,167.100006,172450,2444,0.9732,79.349998,652.799988,29.780001,36.779999,0.2076,22.5,290.100006,753.5,2.597,379.600006,150.419998,4455,74.5,4.255,166.850006,82.980003,1296.5,6.21,3370,805.03302,797,1.026,949,2.4825,250
2017-03-07,160.979996,119.260002,135.13,3070,9233,746.299988,29.200001,31.125,9061,329.100006,0.066,354.950012,213.600006,270,91.900002,116.449997,3.612,643,798.299988,108.519997,1364,161.149994,174450,2460,0.941,76.5,628.700012,28.65,34.779999,0.1981,22.379999,291.200012,753,2.544,381,145.809998,4470,74,4.223,167,84.75,1265,6.11,3380,807.518005,806,0.9616,945.5,2.465,250.5
2017-03-09,156.199997,118.459999,132.05,2970,9061,715.200012,29.195,32.150002,8807,318.850006,0.0646,342.700012,205.100006,257,88.989998,113.5,3.535,661,809.099976,108.360001,1359.5,152.649994,182000,2384,0.9055,75.5,613.599976,27.309999,34.169998,0.16375,21.209999,290,750,2.499,387.600006,134.470001,4439,74.800003,4.209,170,84.599998,1231,5.8,3349,800.064026,799,0.8329,929,2.295,245.899994
2017-03-10,157.5,117.599998,129.25,3028,9155,707.299988,28.200001,31.9,8855,315,0.06505,341.100006,203.5,255.199997,86,113,3.6,661.5,810.200012,108.040001,1360,149.199997,176700,2299,0.9335,74.900002,602,27.6,33,0.17475,20.965,290,751,2.448,382,133,4450,73,4.215,167.050003,82.07,1234,5.895,3290,804.536011,777,0.883,917.5,2.338,246.300003
2017-03-13,158.919998,117.800003,128.7,3051,9235,721.799988,28.35,31.754999,8965,318.25,0.06526,363.399994,208.199997,271.799988,87.989998,114.019997,3.713,662.5,811.299988,108.019997,1366.5,157.399994,177400,2304,0.9321,76.410004,616.299988,28.540001,34,0.1765,21.76,298,759,2.463,385.899994,143,4450,73.900002,4.246,168.399994,81.5,1241.5,5.94,3270,804.039001,762,0.907,918,2.3495,245.199997
2017-03-14,157.419998,117.510002,130.02,3080,9270,717.400024,28.655001,32.200001,9097,315.399994,0.06506,365.399994,205.899994,269,87.849998,113.199997,3.8565,675,822.799988,110.610001,1357,154.600006,179500,2392,0.94,77.059998,617.099976,28.59,35.150002,0.17785,22.275,299.200012,758,2.467,385.5,139.25,4455,74.25,4.24,167.449997,81.139999,1245,6.195,3270,808.510986,753,0.897,920,2.33,249
2017-03-15,156.199997,117.5,129.23,3088,9346,723.200012,28.434999,31.99,9057,314.700012,0.06514,356,202.399994,260.100006,87.010002,110.150002,3.9155,687,813,110.43,1341,153.100006,181250,2338,0.94,76.639999,610.700012,28.209999,35.185001,0.1793,21.545,299.399994,755,2.493,386.100006,140.020004,4476,74.699997,4.279,168.699997,80.010002,1229,6.355,3230,810.002014,729,0.8858,914.5,2.351,243.899994
2017-03-16,158.350006,121.5,128.42,3095,9700,722.099976,28.65,31.805,9054,313.950012,0.0655,371,205.100006,269.600006,91.5,112.809998,3.933,720,833.5,111.489998,1375,159.399994,179500,2370,0.9525,76.199997,599,29.07,36.349998,0.18995,22.205,293.200012,752.5,2.564,386.899994,142.080002,4400,74,4.32,167,77.690002,1222,6.32,3265,806.523987,718,0.91,919.5,2.45,246.899994
2017-03-17,161.149994,122.730003,128.13,3130,9700,740,28.934999,32.904999,9169,314.450012,0.06625,368.700012,214.300003,268.149994,94.5,114.449997,3.9925,720,833.5,114.160004,1354,161.550003,183650,2391,0.958,75,612.700012,30.01,37.009998,0.19055,22.315001,291.299988,715,2.551,384.899994,147.509995,4447,73.25,4.395,168.75,76.199997,1220,6.345,3255,807.518005,724,0.9499,930,2.385,245.5
2017-03-20,163.800003,125.449997,129.34,3092.5,9780,738.099976,29.469999,33.325001,9011,311.149994,0.0672,364.450012,211.399994,275.350006,93.82,117.160004,4.06,714,815.400024,114.099998,1348,159.300003,189000,2359,0.9732,78.25,613.099976,29.799999,37.799999,0.1949,21.745001,288.600006,737.5,2.581,383,149.199997,4410,74.099998,4.367,167.050003,75.010002,1223,6.3,3318,809.505005,724,0.9639,919.5,2.464,246.399994
2017-03-21,162.979996,125.330002,129.02,3101,9730,742.5,29.655001,33.509998,9109,316,0.0668,364.700012,210.5,283.75,94.5,114.379997,4.015,723,834.200012,114.349998,1311,159,195500,2389,0.9501,78,615.400024,29.35,37.5,0.18805,22,287.200012,747.5,2.726,381.100006,144.600006,4374,75.800003,4.354,167.199997,79,1230,6.25,3341,807.518005,716,0.978,919.5,2.465,249
2017-03-22,162.919998,124.730003,129.07,3120.5,9440,747,30.075001,33.990002,9180,320.350006,0.06697,365.5,206,287.5,92.849998,113.489998,4.069,750,836.299988,112.910004,1291,164.25,211100,2405,0.957,77.900002,625.400024,28.879999,37.5,0.1948,21.85,286.799988,744.5,2.676,383,144.169998,4369,75.75,4.294,168.25,80.410004,1216,6.07,3330,806.523987,713,0.9937,919,2.4335,249
2017-03-23,164.149994,126,131.79,3066,9370,738.599976,29.549999,33.365002,9182,317.950012,0.06678,359.950012,205,290,96.209999,112.010002,4.139,739,824.5,110.5,1288,165.449997,207000,2404,0.9426,77.849998,618.799988,28.76,37.375,0.1892,21.969999,283.299988,738,2.709,381.100006,143.649994,4333,75.300003,4.262,167,81.300003,1219,6.11,3348,810.995972,708,0.999,918,2.4085,249
2017-03-24,164.520004,124.589996,130.77,3017.5,9350,736,29.424999,33.150002,9165,315.649994,0.0664,349,205.699997,288.850006,96,114.32,4.133,738.5,825,111.980003,1280.5,167.600006,199150,2383,0.945,77.5,615,28.99,37.605,0.1904,22.299999,282.700012,740.5,2.65,380.799988,143.089996,4448,75.25,4.255,167,82.410004,1220,6.07,3288,806.523987,689,0.9932,913.5,2.406,247
2017-03-27,162.690002,123,129.45,3003,9351,727.700012,29,32.66,8891,309.799988,0.0655,347.350006,206.100006,283,94.690002,112.400002,4.1,742.5,821.299988,111.660004,1261,165,187750,2328,0.9095,76.599998,608.400024,27.65,37.349998,0.179,22.02,281.799988,743.5,2.654,377.5,140.360001,4440,72.599998,4.244,167.050003,85.529999,1215,5.95,3290,806.026978,690,0.9435,914,2.3495,244.100006
2017-03-28,163.660004,123.300003,129,3055,9600,740.599976,29.5,33.395,9011,314.600006,0.06552,351.899994,210.300003,284.5,94.480003,114.620003,4.105,747,830,112.260002,1277.5,165.649994,183750,2347,0.9183,76.580002,619.900024,28.34,37.950001,0.1725,22.799999,278.600006,743.5,2.647,379.5,148.520004,4437,75,4.277,165.100006,85.099998,1220,5.85,3330,802.051025,680,0.923,936,2.352,243.800003
2017-03-29,163.220001,123.050003,129.13,3061,9327,729.200012,29.530001,32.785,8985,322.200012,0.06619,354,208.300003,285.049988,92,113.410004,4.1065,695,830.5,113.199997,1262,166.25,174800,2424,0.9478,75.949997,627,28.799999,37.375,0.1753,22.700001,278.700012,745,2.671,376.5,161.130005,4441,74.800003,4.316,165.25,85.199997,1215,6,3299,798.572998,681,0.932,943,2.3785,244.5
2017-03-30,163.5,122.879997,129.15,2982,9580,714.099976,29.370001,32.625,8989,328.700012,0.0668,359.899994,206.5,280.25,93.550003,114.099998,4.139,704,815.099976,113.199997,1247.5,168.800003,176500,2409,0.946,76.720001,630.5,29.65,36.900002,0.1857,22.65,288.799988,749.5,2.67,370.5,157.520004,4443,74.949997,4.35,163.600006,87.5,1215,6.07,3266,795.591003,705,0.9757,942.5,2.4215,242.699997
2017-03-31,159.800003,120.800003,128.49,2981,9261,704.900024,29.450001,32.189999,8929,323.5,0.06625,347.649994,204.199997,272.600006,91.010002,111.510002,4.0125,698.5,809.900024,113.110001,1245.5,168,173200,2366,0.9329,76.949997,639,29.889999,36.634998,0.1791,22.23,296.600006,749.5,2.736,375.399994,151.619995,4450,73.5,4.388,163.100006,88,1265,6.05,3309,797.08197,704,0.9398,927,2.402,242
2017-04-03,161.800003,120.739998,128.09,3026.5,9313,701.5,29.18,32.005001,8974,328.399994,0.06686,351,205.399994,273.549988,91.900002,114.599998,4.0995,709.5,839,112.620003,1242,168.300003,173300,2377,0.9505,76.989998,640.599976,29.200001,37.09,0.18385,23,287.700012,755,2.682,373.299988,156.119995,4439,74.150002,4.4,162.199997,88.239998,1290,6.26,3305,797.578979,695,0.9579,930,2.422,243.300003
2017-04-04,163.5,123.419998,127.55,3050,9261,723,29.535,32.310001,9000,331.700012,0.0671,352.350006,203.199997,279.100006,92,114.339996,4.115,716,827,112.599998,1239,168.699997,177900,2369,0.9461,76.82,638.700012,29.51,36.630001,0.1888,22.9,284.600006,740.5,2.656,372.299988,157.259995,4434,74.050003,4.405,160.899994,89,1252,6.28,3286,795.591003,704,0.988,930.5,2.3985,245
2017-04-05,168.100006,124.709999,128.88,3057,9470,733.299988,29.700001,32.615002,9186,338.200012,0.0669,369.850006,208.699997,278.950012,92.139999,116.150002,4.163,713,860,112.360001,1298,174.949997,182000,2398,0.9699,78.199997,636.200012,29.93,37.200001,0.18895,22.75,281.700012,749,2.698,373.5,163,4425,75,4.435,160.100006,89.940002,1258.5,6.26,3283,796.088013,699,0.9905,941,2.396,249
2017-04-06,167.490005,125,130.18,3057.5,9550,736.5,30,32.855,9133,337.950012,0.06615,369.450012,218.399994,284.549988,91.550003,114.989998,4.1835,726,843,110.809998,1289,177.5,176000,2410,0.972,77.779999,640.200012,29.780001,36.900002,0.1854,22.82,283,755,2.709,374,168.860001,4409,76,4.429,160.800003,92,1257.5,6.27,3310,794.099976,708,0.994,937.5,2.401,247.399994
2017-04-07,161.490005,122.589996,129.7,2991,9430,736.700012,29.66,33.049999,9025,335.950012,0.06559,357.700012,213,281.25,88.57,111.75,4.107,745,840,110.849998,1260,171.899994,174000,2425,0.9416,77.220001,632.700012,29.4,35.654999,0.17795,22.35,277.799988,755.5,2.695,375,166.410004,4409,75.75,4.371,161,89.610001,1250,6.275,3334,794.099976,707,0.949,929,2.265,239.699997
2017-04-10,155.199997,117.349998,128.1,2956,9360,712.700012,28.5,32.125,8956,327.200012,0.06473,343.299988,210,273.5,85.870003,107.550003,3.905,743,815,107.199997,1249.5,163.550003,171500,2370,0.88,76.330002,614.200012,28.4,35.310001,0.1711,21.48,279,757,2.648,375.399994,157.990005,4396,73,4.339,159.699997,84.57,1220,6.24,3270,801,716,0.9021,924,2.198,234
2017-04-11,156,117.480003,125.97,2968,9265,710.099976,28.235001,31.4,8964,330.5,0.0649,342.149994,210.5,275.600006,90.089996,107.550003,4.092,767.5,812,108,1250.5,166.350006,172700,2399,0.878,75.900002,612.5,28.57,36.794998,0.1742,21.65,284,757.5,2.626,373.200012,159.660004,4404,73.949997,4.358,160.300003,87.559998,1214,6.33,3287,800.5,712,0.901,908.5,2.214,237.899994
2017-04-12,150.279999,113.290001,127.06,2949.5,9100,702.700012,27.32,30.18,8924,325.100006,0.0641,334.950012,209.100006,275,89.699997,104.900002,4.065,758,799,106.050003,1284,164.199997,171500,2336,0.854,75.879997,603.400024,27.969999,35.740002,0.17365,21.49,284,737,2.618,373.600006,155.740005,4402,73.699997,4.344,160,87.029999,1198,6.3,3284,800.5,691,0.89,902,2.191,229.899994
2017-04-13,152,113.279999,125.65,2910,9160,699.900024,27.365,30.9,8775,321.899994,0.064,330,209.600006,274.5,88.849998,105.900002,4.045,769,795.900024,105.5,1289,166.300003,173500,2324,0.8676,74.230003,593.700012,28.059999,36.314999,0.1749,21.25,279.399994,751.5,2.595,372.799988,159.929993,4400,73.599998,4.344,161.100006,88.900002,1150,6.215,3265,800,687,0.913,898,2.126,225.399994
2017-04-14,149.240005,111.040001,124.27,2864.5,8985,685,26.785,29.9,8710,315.75,0.06409,325,208.300003,270.799988,87.699997,104.349998,3.951,798.5,781.400024,104.209999,1268.5,161.75,171150,2291,0.8475,73,592.099976,27.540001,35.700001,0.17635,20.76,279,752.5,2.531,379.5,155.339996,4399,73,4.331,160.050003,89.68,1127,6.53,3303,799,676,0.882,899,2.2,219.5
2017-04-17,153.990005,115.510002,123.01,2880,9135,679,27.209999,30.18,8841,323.25,0.0642,329,209.199997,272.25,89.800003,107.669998,3.985,800,793.799988,105.400002,1367.5,163.800003,172900,2318,0.863,74.989998,598.400024,27.790001,36.349998,0.18065,21.360001,279.5,756.5,2.506,379.100006,157.729996,4400,73.349998,4.358,159.5,89.900002,1151.5,6.525,3293,797,658,0.9149,898.5,2.222,219.800003
2017-04-18,153.399994,113.699997,124.09,2828.5,9113,684.400024,26.965,29.565001,8556,318.399994,0.064,323.25,208,269.100006,88,105.5,3.9,767,777.5,101.620003,1336.5,163.050003,174300,2279,0.8671,74.300003,594.299988,26.91,34.759998,0.17415,21.16,279,754,2.558,378.600006,153.190002,4390,71.699997,4.34,157.600006,90.010002,1131.5,6.95,3266,795.5,667,0.885,872.5,2.117,215.199997
2017-04-19,153.600006,112.900002,122.36,2859,9000,678.799988,26.540001,29.415001,8553,315.049988,0.064,326.649994,207.800003,268.100006,88.32,106.5,3.916,758,765.400024,100.699997,1331.5,162.050003,174400,2276,0.8654,73.260002,583.599976,26.5,34.224998,0.176,21.02,282.700012,760,2.564,378.600006,148.220001,4400,71.849998,4.386,155.850006,90,1187,6.995,3250,796,675,0.8772,835,2.1,218.199997
2017-04-20,158.210007,117.400002,121.3,2858,9110,685.099976,26.49,28.995001,8620,316.600006,0.0644,324.450012,207.800003,265.899994,89.25,109.199997,3.878,753,769.799988,101.519997,1328,163.5,181050,2261,0.87,72.809998,576,26.620001,34.049999,0.17385,21.18,283.600006,758.5,2.616,378.5,148.75,4398,71.5,4.386,150.800003,89,1188,6.95,3269,795,686,0.8641,863.5,2.135,220.800003
2017-04-21,159.589996,120.080002,122.15,2850,9070,683.700012,26.674999,29.495001,8538,317.399994,0.065,326.850006,207.699997,266.549988,93.199997,111.400002,3.9695,740,774,101.349998,1310,167.350006,191500,2306,0.8725,73.220001,583.400024,27.360001,34.154999,0.174,20.955,285.799988,760.5,2.586,378,148.740005,4400,72.550003,4.359,151.800003,90.480003,1191,6.98,3274,794,683,0.8601,857.5,2.1075,227
2017-04-24,162.5,123.489998,123.56,2919,9008,689.599976,27.135,29.5,8685,320.299988,0.06515,331.600006,208,274.350006,93.089996,112.360001,3.976,723,783.400024,103.220001,1317,171.850006,195500,2317,0.907,74.43,596.900024,27.700001,34.970001,0.19015,21.635,287.399994,759,2.594,377.600006,152.139999,4405,74.5,4.402,150.100006,90,1224,6.985,3275,794,677,0.934,850,2.192,223.800003
2017-04-25,162.550003,123.879997,128.5,2957,8825,696.799988,27.639999,30.5,8873,320.149994,0.06612,335.100006,208.5,277.299988,95.209999,114.620003,3.997,725,795,105.800003,1338,176.449997,196300,2376,0.9041,75.5,600.599976,28.51,34.665001,0.1925,21.995001,287,759,2.603,375.700012,150.5,4405,74.75,4.425,149.550003,90.5,1240,7.04,3325,793.5,677,0.937,859,2.285,224
2017-04-26,165.050003,125.599998,130.19,2970,8823,709.5,28.559999,31.379999,8890,326.049988,0.06843,339.799988,212,277.600006,95.639999,115,4.0305,749.5,785.400024,107.529999,1404,179.949997,201000,2434,0.912,76.949997,606,29.48,34.849998,0.19095,22.219999,285.399994,761,2.586,378.799988,151.490005,4398,74.599998,4.441,148.199997,89.239998,1233.5,7.13,3292,740,684,0.9239,862.5,2.375,220
2017-04-27,164.690002,124.709999,133.37,2885,8825,697.099976,28.129999,31.299999,8750,318.350006,0.06671,361.200012,237,274.399994,96.75,115.790001,4.0125,749,778,108.379997,1520,175.850006,191500,2423,0.9008,74.440002,596.099976,29.309999,34.105,0.18985,21.705,287.700012,769,2.57,377.100006,167.100006,4400,75.099998,4.428,149.600006,90,1238.5,7.105,3270,727,704,0.9099,860,2.35,214.5
2017-04-28,165.199997,125.82,136,2818,8776,695.400024,27.91,30.504999,8747,317.25,0.06671,377,238.100006,273.850006,98.110001,115.050003,4.05,754,776,107.75,1534.5,175.75,192700,2415,0.895,74.5,598.799988,29.389999,33.904999,0.1964,21.35,288.200012,768.5,2.546,381.799988,177.770004,4405,73.5,4.414,149.899994,90.470001,1260,7.135,3350,723,700,0.96,870,2.337,215
2017-05-02,166.639999,128.580002,137.25,2864,8821,695.700012,28.105,30.58,8809,316,0.06737,371.350006,239.600006,276,98.129997,117.300003,4.154,740,779,109,1549,180,190000,2399,0.8972,75.010002,610,28.51,35.849998,0.19545,22.290001,288,766,2.539,382.200012,170.050003,4398,74,4.421,148,92,1273,7.19,3316,721,701,0.9598,880,2.44,218.899994
2017-05-03,164.710007,127.25,136.45,2770,8685,687.400024,28.504999,30.975,8688,311.649994,0.0675,361,236.699997,247.300003,95.470001,118.199997,4.071,730.5,777,106.589996,1528,181.25,194500,2398,0.879,74.300003,603.099976,28.040001,35.599998,0.195,14.06,284.399994,765.5,2.579,382.5,174.199997,4395,74.699997,4.419,146,85.529999,1254,7.07,3314,722,700,0.9371,882.5,2.3805,216.300003
2017-05-04,165.5,126.699997,135.89,2780,8841,693,28.615,31.855,8701,310,0.0671,368.25,245,246.5,94.699997,114.739998,4.05,728.5,780.599976,107.510002,1581,183.149994,195300,2431,0.8734,75,600,27.940001,35.985001,0.19195,14.49,288.200012,766.5,2.537,382.399994,168.149994,4395,76.120003,4.423,147.899994,87.599998,1259.5,7.14,3300,724.5,685,0.922,890,2.391,220.199997
2017-05-05,165.800003,128.199997,133.7,2811.5,8900,696,28.459999,31.594999,8765,312.450012,0.06573,368.299988,249.899994,256,93.410004,116.300003,3.98,744,775.299988,106.989998,1570,187.600006,190500,2443,0.891,75.160004,597.299988,27.940001,35.799999,0.19155,14.495,297.899994,768,2.538,383,164.149994,4399,75.830002,4.415,156.949997,88.650002,1250,7.1,3315,728,691,0.9158,898,2.385,219
2017-05-10,170.800003,130,134.98,2917,9140,692,29.200001,31.4,8658,315.049988,0.0669,373.5,251.5,256,94.459999,116.730003,4.116,747.5,779.599976,108.709999,1590,189.800003,188000,2479,0.8972,75.220001,603.5,27.950001,35.189999,0.1932,15.75,287.899994,773.5,2.537,384.5,164.600006,4484,75.760002,4.422,151,88.550003,1242,7.21,3350,728,698,0.9241,895,2.3995,220.5
2017-05-11,169.970001,127.849998,134.57,2840,9010,682.900024,28.700001,31.184999,8500,312.350006,0.06589,372.350006,262,253.100006,94.470001,115.449997,4.065,755.5,765.900024,105.389999,1562.5,187.5,197250,2394,0.9216,75.010002,600,27.360001,33.869999,0.19155,13.76,286,765.5,2.608,384.600006,159.649994,4468,76,4.417,149,89,1235.5,7.185,3300,730,696,0.9111,895.5,2.37,219.5
2017-05-12,167.699997,127.300003,131.41,2856,8985,677,28.5,31.299999,8405,307.5,0.06567,375.5,269.299988,250.899994,93.089996,115.349998,4.1,758,748.5,103.800003,1592,184.149994,189150,2384,0.8848,74.980003,597.799988,27.65,34.205002,0.195,13.33,295.5,767.5,2.56,385.399994,161.300003,4479,75.260002,4.422,148.550003,89.190002,1230.5,7.23,3297,727,692,0.904,890,2.398,218.5
2017-05-15,171.350006,131.199997,132.79,2876,9180,684,28.219999,30.504999,8530,314.149994,0.0666,386.5,268.799988,246.5,92,108.900002,4.024,749.5,736.5,105.300003,1619,181.899994,187500,2365,0.8777,75.099998,601.299988,27.559999,33.165001,0.1901,13.065,295.5,768,2.566,384.5,158.5,4460,74.889999,4.428,142.800003,89.620003,1246.5,7.39,3258,729.5,693,0.8842,880,2.378,222.300003
2017-05-16,170.660004,131.330002,131.41,2890.5,9238,678.099976,28.075001,29.995001,8402,312.899994,0.067,384,268.600006,241.449997,89.5,105.339996,3.96,755,743,110.290001,1611,184.399994,178100,2391,0.8648,74.050003,599.299988,27.5,32.5,0.1839,12.87,294,769,2.534,384.299988,155.600006,4450,75.010002,4.431,143.800003,91.410004,1251,7.375,3277,727,671,0.8839,881.5,2.37,221.5
2017-05-17,169.240005,131.350006,130.97,2870,9440,685.200012,28.25,29.68,8372,311.549988,0.0666,393.5,269.299988,243.699997,90.489998,107.050003,3.876,775,745.200012,110.620003,1608,186,170250,2376,0.8519,73.919998,602.700012,27.93,31.77,0.1909,13.09,290.899994,766.5,2.506,385.100006,153.949997,4461,74.269997,4.445,142.300003,91.599998,1231.5,7.295,3250,729,676,0.9078,903.5,2.3605,223.399994
2017-05-18,166.5,128.929993,131.37,2877,9255,677.700012,27.84,29.879999,8420,305,0.06554,392.799988,272.799988,244.25,89.900002,105.75,3.836,786.5,734.400024,108.699997,1565,189.300003,168500,2400,0.8215,73.580002,600.5,27.08,32.169998,0.1878,13.01,282.5,766.5,2.559,386.399994,148.149994,4500,74.800003,4.443,142.350006,91.410004,1227,7.285,3249,729.5,680,0.873,901,2.244,222.699997
2017-05-19,168.869995,131.100006,127.3,2850,9190,684.400024,27.25,29.68,8305,306.100006,0.06639,392.25,271.700012,242.399994,90.059998,102.5,3.9,778,735.599976,109,1611.5,189.100006,169700,2347,0.815,73.209999,604.599976,27.110001,32.099998,0.1838,13.2,287,764,2.546,387.399994,148.649994,4478,75.080002,4.433,141.550003,91.550003,1225,7.42,3194,758,675,0.8595,906.5,2.3125,224.100006
2017-05-22,168.029999,131.979996,124.49,2811,9413,680,26.9,29.235001,8275,307.299988,0.06565,389.350006,266,243.600006,89.190002,101.449997,3.842,780.5,725.599976,107.290001,1608,190.300003,170850,2317,0.79,72.75,601.799988,26.99,31.004999,0.1774,13.25,282.399994,761.5,2.517,386.799988,146.600006,4469,75.599998,4.394,141.100006,92,1227,7.565,3148,748,677,0.833,906.5,2.2705,222.300003
2017-05-23,166.309998,132.039993,122.58,2825,9280,681,27.809999,29.73,8359,312.399994,0.06721,392,270.399994,246.399994,91.209999,103.43,3.9515,753.5,746.200012,107.639999,1611.5,195,167600,2332,0.8148,72.730003,609,27.299999,32.110001,0.1805,13.595,284.5,760.5,2.515,387,157,4447,78.099998,4.4,141.149994,92,1236,7.72,3137,769,668,0.8575,908,2.355,227
2017-05-24,165.699997,133,123.3,2804,9205,687,27.695,29.115,8399,307,0.06702,400,269.899994,243.050003,92.120003,102.5,4.02,754.5,762,108.300003,1611,193.800003,164000,2300,0.828,72.309998,608.099976,27.25,31.99,0.183,12.2,292,753,2.545,386.799988,151.949997,4416,78.150002,4.351,141.699997,91.410004,1218.5,7.82,3114,764.5,667,0.8608,909,2.385,223.100006
2017-05-25,164.050003,130.699997,122.32,2798,9359,680.099976,29.360001,29.514999,8227,306.399994,0.06694,389.5,277.600006,242,89.690002,99.800003,4.06,748,760,107.139999,1584,195.149994,170350,2323,0.8381,72.169998,605,27.200001,32.299999,0.1759,12.005,293,759.5,2.522,386.899994,151.850006,4445,81.099998,4.345,141.050003,91.989998,1230,7.715,3115,761.5,665,0.8335,918,2.3965,222.199997
2017-05-26,160.699997,130.199997,121.4,2796.5,9450,658.200012,29.705,29.67,8200,304,0.06637,388,279.799988,243.050003,89.769997,97.580002,4.1,751,749,108.5,1568,190.100006,160100,2355,0.83,72.300003,601,27.290001,31.370001,0.17505,12.295,308.200012,760.5,2.506,387.299988,147.899994,4437,83.980003,4.32,139.649994,91.080002,1230,7.06,3115,761,659,0.795,915,2.3585,225.399994
2017-05-29,163.899994,130.5,122.41,2794.5,9300,650,30.99,30.040001,8143,307.25,0.066,388.799988,286,243,90.300003,100.699997,3.966,761.5,752.700012,110.82,1573.5,189.5,160150,2328,0.821,72.489998,595.5,27.26,31,0.17,11.94,306.700012,770,2.479,387.200012,150.350006,4440,81.489998,4.326,137.550003,91.040001,1087.5,7.035,3083,753,657,0.7528,913.5,2.3225,225
2017-05-30,161.639999,129.490005,122.72,2825,9240,650.599976,31.18,29.700001,8050,305,0.06594,387,293.100006,246.050003,89.290001,100.379997,4,731,757,108.559998,1552,191.050003,158450,2316,0.825,71.860001,599.5,27.209999,31.540001,0.17265,12.425,304,764,2.478,387.600006,146.350006,4445,81.199997,4.27,137.399994,93.489998,1089.5,6.795,3069,766,650,0.77,914,2.3915,227.100006
2017-05-31,155.929993,124.690002,122.25,2753,9197,641,30.280001,28.225,7902,301.549988,0.06615,384.5,298.899994,236.5,88.349998,101,3.989,741.5,738.5,115.5,1505,188.600006,158700,2307,0.78,71.5,597,27.25,31.094999,0.1641,12.455,302,763.5,2.504,387,155.350006,4427,81.989998,4.24,135.300003,92.389999,1091,6.9,2950,775,640,0.7639,906.5,2.302,230
2017-06-01,153,125.339996,120.29,2700,9070,624.700012,27.15,27.68,7791,301.450012,0.06473,378.450012,279,241.050003,87.809998,100.800003,4.01,718,732,109.099998,1520,188.199997,160400,2298,0.83,71.120003,589.099976,27.139999,30.6,0.163,12.45,308.200012,768,2.56,387.700012,149.600006,4424,82,4.22,130.449997,95.389999,1082,6.93,3010,768.5,614,0.726,914.5,2.3655,227.800003
2017-06-02,157.139999,126.949997,117.8,2734,8875,615,26.620001,27.945,7829,301,0.0652,380.299988,280.399994,248.800003,88.32,101.900002,3.945,729,726.400024,108.599998,1478,185.800003,160000,2269,0.83,70.900002,589.299988,27.049999,30.9,0.16495,13.505,300.5,766,2.564,388.700012,147.399994,4423,82.25,4.23,129.550003,97.300003,1068,6.9,3004,772.5,595,0.7617,892.5,2.312,227.100006
2017-06-05,154.699997,124.459999,119.59,2734.5,8989,609,26.985001,27.795,7887,305,0.06505,376.299988,279.5,248.699997,87.849998,103.139999,3.9,719.5,722.099976,107.550003,1525,189.050003,160000,2267,0.82,71.139999,585,27.35,29.809999,0.16375,14.16,307,766.5,2.629,388.600006,148,4440,82.120003,4.24,128.800003,96.5,1065.5,6.945,3031,780,610,0.7849,893.5,2.38,220.5
2017-06-06,152.800003,122.980003,119.09,2721.5,9053,618,26.815001,28,7898,302.549988,0.06435,363.399994,273.700012,248.050003,87.639999,101.949997,3.94,744,712,108.089996,1524.5,190,156000,2264,0.8309,69.699997,584.400024,27.42,29.475,0.1646,13.105,308,762,2.635,388.799988,148.600006,4450,81.400002,4.24,128.699997,95.599998,1064.5,6.835,3046,787,607,0.7636,886.5,2.313,221.5
2017-06-07,152.820007,123.779999,119.33,2705,9204,615,26.360001,27.245001,7865,308,0.06411,358,269.600006,250,86.360001,103.889999,3.861,739,723.099976,109.720001,1527,189,159650,2275,0.82,69.779999,582.099976,27.790001,29.6,0.16215,12.73,303.700012,759,2.64,388.600006,146.600006,4466,77.860001,4.235,128.649994,95.800003,1066,6.815,3029,792.5,603,0.7586,890,2.297,219.600006
2017-06-08,151.929993,122.400002,119.19,2735,9270,624.599976,26.195,27.549999,8013,307.5,0.0645,359.899994,267,249,86.239998,104,3.9365,726,734,108.989998,1519,192.100006,161000,2260,0.7909,69.870003,585.799988,27.33,29.4,0.15865,12.7,305,757.5,2.617,389.200012,138.75,4443,81.599998,4.235,129.949997,96.199997,1069,6.94,3029,788.5,589,0.7566,891.5,2.2995,217.199997
2017-06-09,150.130005,122.25,119.32,2774,9435,634.299988,26.23,27.41,8100,306,0.06525,360,265,252.25,85.809998,106.150002,3.9875,717,732.299988,109.190002,1541.5,192.850006,159800,2260,0.7939,70.900002,585.400024,27.15,29.764999,0.1627,12.85,304.100006,756.5,2.591,389.399994,139.899994,4445,81,4.239,130,100.449997,1068,6.855,3012,796,597,0.7687,883.5,2.3265,218.100006
2017-06-13,146,116.550003,120.29,2760.5,9589,616.099976,25.795,26.905001,8058,312.149994,0.0645,360.299988,266.299988,249.649994,83.900002,107.089996,4.075,697.5,722.599976,104.889999,1480,189,158000,2200,0.808,70.400002,587.200012,27.18,29.795,0.1632,12.725,302.799988,771.5,2.608,390,137.350006,4428,81,4.239,128.800003,101,1068,6.825,2975,795,596,0.7585,898,2.356,212.399994
2017-06-14,143,114.300003,118.26,2730,9588,622.200012,25.200001,26.709999,8113,304.299988,0.064,365.649994,262.100006,245,81,107.5,3.8,703,689.5,104.809998,1482.5,190,159450,2169,0.798,70.300003,551.200012,26.879999,29.4,0.16,12.62,305,771,2.622,390.399994,130.300003,4460,79.5,4.24,128,103,1037.5,6.865,2933,791,600,0.7395,887.5,2.303,208
2017-06-15,139,111.019997,115.25,2712,9449,617.700012,24.809999,26.84,8011,301.600006,0.0639,365,260,240.75,80.900002,102.730003,3.845,681,697.200012,101.540001,1495.5,182.199997,158900,2203,0.7797,69.309998,557.099976,25.99,28.82,0.1548,12.1,290.100006,770,2.611,391.299988,128.5,4400,77.150002,4.237,126.400002,101,1050,6.715,2917,799,606,0.7245,870,2.3095,202.399994
2017-06-16,141.630005,111.989998,115.81,2685,9412,616.900024,24.889999,27.370001,8154,306.5,0.0639,350.100006,272,237.5,83.120003,103.120003,3.693,689,717,102.949997,1464.5,174.649994,161000,2208,0.79,71.07,537,27.049999,29.379999,0.156,12.49,291.799988,754,2.574,389.100006,121.949997,4236,74.970001,4.24,127.300003,99.989998,1089,6.77,2933,786,604,0.748,883,2.1595,202.199997
2017-06-19,145,114.110001,116,2779.5,9539,626.700012,24.85,27.795,8250,311,0.06322,368.549988,270,239.399994,82.970001,106.900002,3.6005,671.5,684.200012,104.290001,1541,181.5,159950,2245,0.7749,70,550.200012,27.82,29.309999,0.1541,13.07,294.899994,763.5,2.56,390.5,126.199997,4102,74.300003,4.259,127,100.980003,1086,6.8,2955,795.5,609,0.7396,796,2.1665,202.100006
2017-06-20,144.899994,115.5,117.51,2769,9613,619.799988,25.785,28.995001,8311,316,0.0639,369,273.200012,242.949997,83.099998,105.050003,3.677,682.5,704,104.809998,1554,181.399994,159500,2308,0.766,70,541.5,28.190001,29.690001,0.1548,13.03,292.100006,766,2.546,389.600006,130.649994,4228,75.480003,4.328,125,98.480003,1105.5,6.77,3029,796,639,0.7635,785,2.154,197.800003
2017-06-21,143.490005,116.470001,117.5,2728.5,9499,611,25.5,28.985001,8290,318.399994,0.06334,376.399994,268,240.350006,81.639999,103.970001,3.753,678,714.299988,105.550003,1584,191,159500,2324,0.751,70,538.5,27.99,29.834999,0.15865,12.49,291.399994,770.5,2.534,389.899994,129.600006,4215,71.949997,4.346,122,102,1103,6.82,2995,798,647,0.779,802.5,2.1655,200.399994
2017-06-22,144.25,115,117.78,2760.5,9336,624.099976,25.67,28.684999,7850,319,0.0639,373.100006,270.200012,242,83.099998,105.57,3.803,684.5,720,107.220001,1618,194.300003,159500,2344,0.7621,70.389999,540.799988,28.389999,31.459999,0.164,13.4,298.899994,781.5,2.526,390.100006,134.949997,4196,73.970001,4.439,123,99.650002,1151,6.815,2960,796.5,656,0.784,804,2.165,203.199997
2017-06-23,144.100006,114.580002,119.52,2775,9280,625.900024,25.709999,29.135,8015,322,0.064,371.850006,271.600006,244.300003,84.360001,106.800003,3.892,705,728,107,1616.5,191.350006,160500,2359,0.778,70.18,542.400024,28.35,31.41,0.1649,14,305.899994,777,2.502,390.299988,135.5,4237,74.639999,4.435,128.300003,98.949997,1179,6.8,3065,796,661,0.783,806.5,2.195,214
